rxcui,judgment,should_be,reason_category,note
1044524,CHANGE_CORRECT,,,"Tums = calcium carbonate antacid; A02AC01 correct over the dietary-supplement code A12AA04"
1430054,CHANGE_CORRECT,,,"Single-ingredient undecylenic acid spray; D01AE20 is the combinations code, doesn't apply here"
477245,CHANGE_CORRECT,,,"Oral disintegrating tablet is systemic use; D04AA32 (topical antipruritic) is wrong route, R06AA02 correct"
207359,CHANGE_CORRECT,,,"Oral suspension is systemic tetracycline; A01AB23 (stomatological) is wrong route"
857877,CHANGE_CORRECT,,,"Adds R01BA03 for phenylephrine (oral/systemic decongestant code); all three ingredients now represented"
1300191,CHANGE_CORRECT,,,"Adacel is a Tdap (acellular pertussis+diphtheria+tetanus) vaccine; J07AJ52 is the WHO combined code, better than separate toxoid codes"
1297389,UNSURE,,l4-vs-l5-granularity,"A12AX (calcium+vitD combos) is plausible as WHO's terminal group for this OTC combo but a dedicated L5 could exist; can't confirm offline"
1098125,CHANGE_CORRECT,,,"Duovisc/Provisc is a chondroitin sulfate + sodium hyaluronate viscoelastic combo; S01KA51 (sodium hyaluronate, combinations) is correct, prior M01AX25 was a wrong-class code"
804919,CHANGE_WRONG,B02BC30,missing-combo-L5,"Fibrinogen+thrombin is a fibrin-sealant combo product; WHO codes this as B02BC30 (fibrinogen, combinations), not plain B02BC06"
209717,CHANGE_CORRECT,,,"Topical ointment; correctly drops oral(A07AA01)/ophthalmic(S01AA03) route pollution, keeps neomycin/bacitracin topical codes; diperodon has no WHO code"
1087218,CHANGE_CORRECT,,,"Adds B03AA02 (ferrous fumarate) which production was missing entirely; ascorbic acid/B12/folic acid codes correct"
1011705,CHANGE_WRONG,D04AB01|N01BB02,wrong-route,"Lidocaine medicated patches (Lidoderm-type) for neuropathic pain are conventionally classified N01BB02 (local anesthesia); dropping it loses the primary code, keeping only the generic antipruritic D04AB01"
348805,CHANGE_CORRECT,,,"Combined oral contraceptive; G03AA07 (ethinylestradiol and levonorgestrel) is the correct fixed-combo code vs the mismatched estrogen-only/sequential codes"
208305,UNSURE,,no-who-code-exists,"Otic solution; none of the final codes (C05AD03/D04AB04/N01BA05/R02AD01) are otic-specific (S02/S03) — benzocaine likely lacks a dedicated otic WHO code, so this may be an acceptable ingredient-level fallback rather than an error; can't confirm offline"
1043389,CHANGE_WRONG,D07AD01|D05AA,other,"Coal tar topical solution mistakenly given S01BA17 (an ophthalmic corticosteroid code) — wrong drug class entirely; coal tar's real WHO family is D05AA (tars/antipsoriatics)"
756237,CHANGE_CORRECT,,,"Ferrous sulfate oral solution; B03AA07 is ferrous sulfate's code, B03AA01 (ferrous glycine sulfate) is a different iron salt"
1436947,UNSURE,,missing-combo-L5,"Hydrocortisone acetate + iodoquinol topical cream; D08AH (quinoline antiseptics) is plausibly the iodoquinol family but the exact L5 is unconfirmed offline, and the hydrocortisone corticosteroid component appears to be dropped entirely"
1359128,CHANGE_CORRECT,,,"Activella = estradiol/norethindrone acetate combined HRT; G03FA01 (progestogen+estrogen fixed combo) is correct vs the estrogen-only codes"
688708,CHANGE_CORRECT,,,"Ophthalmic ointment; narrowed to S01/S03-prefixed codes per the ophthalmic route allow-list (Cortisporin-type products are commonly labeled for both eye and ear use)"
248108,CHANGE_CORRECT,,,"Injectable acyclovir is systemic; J05AB01 correct, topical(D06BB03)/ophthalmic(S01AD03) route pollution correctly dropped"
208129,CHANGE_WRONG,J01AA07,ingredient-level-overbroad,"Oral capsule (systemically absorbed) should only carry J01AA07; A01AB13 (stomatological/dental) and S03AA02 (otic) are unrelated routes reintroduced as ingredient-level pollution"
748974,CHANGE_CORRECT,,,"Nor-QD is a progestogen-only pill; adds G03AC01 (norethisterone, contraceptive) alongside G03DC02"
346911,CHANGE_WRONG,N02BA04,salt-mismatch,"Sodium salicylate tablet; N02BA12 appears to be a different salicylate salt's code, not sodium salicylate — shouldn't be added"
1001713,UNSURE,,route-pollution,"Nitrofurazone topical ointment; D09AA03 appears to be a medicated-dressing-specific code (impregnated gauze) rather than an ointment code — plausible dose-form mismatch but not fully confirmed offline"
1549315,CHANGE_CORRECT,,,"Ophthalmic suspension; narrowed correctly to S01BA04 (ophthalmic prednisolone), dropping systemic/intestinal codes"
856908,CHANGE_CORRECT,,,"Confirmed against local WHO snapshot data/who-atc-snapshots/N02AJ.json: N02AJ22 = hydrocodone and paracetamol, exact match"
1085614,CHANGE_CORRECT,,,"Topical cream; nystatin=D01AA01 correct, corticosteroid codes (D07AB09/D07XB02) plus C05AA12 fall within the project's documented topical allow-list (C05 permitted for topical route)"
213556,CHANGE_CORRECT,,,"Betamethasone topical ointment; D07AC01 plus D07XC01 and C05AA05 are consistent with the topical route matrix's explicit C05 allowance"
213635,CHANGE_CORRECT,,,"Same formula/product type as Cortomycin (row 688708); ophthalmic S01/S03 codes correctly retained"
310910,CHANGE_WRONG,A01AB02|D08AG02|D08AX01|D09AA09|D11AC06|G01AX11|R02AA15,ingredient-level-overbroad,"Mouthwash (buccal/mucosal route); newly added S01AX18 (ophthalmic) and S02AA06 (otic) don't belong on an oral rinse — looks like a safety-valve ingredient-level dump rather than route-filtered result"
992660,CHANGE_CORRECT,,,"Hycodan-shape oral tablet; A03BB06 (homatropine, oral antispasmodic) + R05DA03 (hydrocodone) correct, ophthalmic mydriatic code correctly dropped"
1049406,CHANGE_WRONG,D08AJ01,salt-mismatch,"Benzalkonium chloride topical solution; D08AJ08 is benzethonium chloride's code (a different compound — confirmed by row 1045430 in the same dataset which maps benzethonium chloride to D08AJ08), incorrectly added here"
1193337,CHANGE_CORRECT,,,"Ruxolitinib reclassified from legacy L01XE18 to the JAK-inhibitor group L01EJ01 per current WHO ATC"
2639041,CHANGE_WRONG,N07BC01,wrong-strength-indication,"356 mg/mL is far outside the analgesic dosing range for buprenorphine and matches the high-concentration opioid-use-disorder treatment class (Sublocade-type extended-release depot); should map to N07BC01, not the analgesic code N02AE01"
1099488,CHANGE_CORRECT,,,"Removes redundant R01BA52 (combinations code) while keeping plain R01BA02 (pseudoephedrine) + R06AX07 (triprolidine)"
260502,CHANGE_CORRECT,,,"Zinc oxide topical ointment (Desitin); D02AB (zinc oxide preparations) is the correct WHO family, C05AX04 was wrong"
2000019,CHANGE_CORRECT,,,"Ibrutinib reclassified from legacy L01XE27 to the BTK-inhibitor group L01EL01 per current WHO ATC"
313996,CHANGE_CORRECT,,,"Injectable gentamicin is systemic; J01GB03 correct, topical/otic route pollution correctly dropped"
308077,CHANGE_WRONG,A02AA04|A02AB01,other,"Aluminum/magnesium hydroxide oral antacid suspension; G04BX01 (other urologicals) is an unrelated therapeutic class that doesn't belong on an antacid product"
307757,CHANGE_WRONG,A02AA04|A02AB01,other,"Same aluminum/magnesium hydroxide + simethicone antacid pattern as row 308077/702167; G04BX01 (urological) mismatched"
1541816,UNSURE,,other,"Benzocaine oral gel resolved to N01BA05, but sibling row 244323 (benzocaine oral ointment, near-identical use) resolved to R02AD01 instead — internally inconsistent mapping for essentially the same drug/route, unclear which single code WHO actually prefers"
797450,CHANGE_CORRECT,,,"Topical medicated pad; D10AF01 (topical clindamycin) correct, systemic J01FF01 correctly dropped"
708221,CHANGE_CORRECT,,,"Topical lotion; C05AD03+D04AB04 consistent with topical allow-list, throat code R02AD01 correctly excluded"
994226,CHANGE_CORRECT,,,"Aspirin/carisoprodol/codeine (Soma Compound w/Codeine) conventionally represented by M03BA02 (carisoprodol) as the product's primary code"
311451,CHANGE_CORRECT,,,"Mannitol irrigation solution; B05BC01/B05CX04 (perfusion/irrigating solution codes) correct vs the laxative code A06AD16"
404084,CHANGE_CORRECT,,,"Ferrous fumarate + folic acid combo tablet; B03AD02 is the exact WHO combination code, better than the folic-acid-only B03BB01"
1298287,CHANGE_CORRECT,,,"Topical solution; D04AA32 (topical diphenhydramine) correct, systemic R06AA02 correctly dropped"
1011981,CHANGE_CORRECT,,,"Cetapred (prednisolone+sulfacetamide) ophthalmic ointment; adds S01AB04 (ophthalmic sulfacetamide) and S01CB02 (corticosteroid+antiinfective combo), matching the real product's dual-ingredient composition"
2110600,CHANGE_CORRECT,,,"Mucous membrane topical solution; C05AD03+D04AB04 fit the mucosal allow-list, throat code R02AD01 correctly excluded"
904429,CHANGE_CORRECT,,,"Lactic acid topical cream; D02AX (skin protectives/keratolytics) correct vs the vaginal-use code G01AD01"
214105,CHANGE_WRONG,H02AB06,route-pollution,"Injectable corticosteroid suspension; A01AC04 (stomatological/dental paste) and C05AA04 (rectal) don't fit an injectable formulation — systemic H02AB06 is the appropriate code"
242989,CHANGE_WRONG,R01AA04,wrong-route,"Phenylephrine nasal gel (topical nasal use) should map to R01AA04; R01AB01 appears to be naphazoline's code (wrong ingredient) and R01BA03 is phenylephrine's oral/systemic decongestant code, not the topical nasal one"
244323,CHANGE_CORRECT,,,"Benzocaine oral ointment; R02AD01 reasonable for oral/mucosal anesthetic use, rectal/topical codes correctly dropped"
1010055,CHANGE_CORRECT,,,"Xylocaine mucosal spray; R02AD02 (lidocaine throat/mucosal) correct vs topical/parenteral codes"
2103222,CHANGE_WRONG,A01AB03|D08AC02|R02AA05,ingredient-level-overbroad,"Dental mouthwash; newly added B05CA02 (irrigating solution), D09AA12 (medicated dressing), S01AX09 (ophthalmic), S02AA09/S03AA04 (otic) don't fit an oral rinse — appears to be a full ingredient-level code dump rather than route-filtered"
1657781,CHANGE_CORRECT,,,"Ramucirumab reclassified from legacy L01XC21 to the VEGF/VEGFR-inhibitor group L01FG02 per current WHO ATC"
311215,CHANGE_CORRECT,,,"Oral kanamycin (non-absorbed intestinal use); A07AA08 correct, systemic/ophthalmic codes correctly dropped"
1292313,CHANGE_WRONG,D04AA32,l4-vs-l5-granularity,"Diphenhydramine topical cream truncated to the L4 group D04AA instead of the specific L5 D04AA32 that is used correctly elsewhere in this same dataset for the identical ingredient/route"
1089069,CHANGE_CORRECT,,,"Zinc oxide topical ointment (PeriGuard); D02AB correct, same pattern as row 260502"
701184,UNSURE,,no-who-code-exists,"Aluminum chlorohydrate antiperspirant lotion likely has no true dedicated WHO ATC code; D09AA08 (medicated dressing) is a weak proxy that can't be confirmed offline"
848182,CHANGE_CORRECT,,,"Augmented betamethasone topical ointment; same correct topical-allow pattern as row 213556"
702167,CHANGE_WRONG,A02AA04|A02AB01,other,"Aluminum/magnesium hydroxide + simethicone antacid suspension; G04BX01 (urological) mismatched, same systematic issue as rows 308077/307757"
1941599,CHANGE_CORRECT,,,"Medicated dandruff shampoo; D01AE12 (topical salicylic acid) correct vs the systemic salicylate analgesic code N02BA04"
308366,CHANGE_WRONG,N02BA01|N06BC01,wrong-strength-indication,"Aspirin/caffeine/cinnamedrine (Midol-type menstrual-pain combo); A01AD05 (dental) is an unrelated class and B01AC06 (aspirin antiplatelet) is the wrong indication for this analgesic combo — aspirin should carry only the analgesic code N02BA01"
806861,CHANGE_CORRECT,,,"Cepacol mucosal spray; R02AD01 (benzocaine throat) matches sibling row 244323's pattern"
1090529,UNSURE,,wrong-route,"Gentamicin 'Legacy' irrigation solution mapped to S01AA11 (ophthalmic); can't confirm offline whether this specific product is an ophthalmic surgical irrigant vs a general wound-irrigation solution needing a different code"
312219,CHANGE_WRONG,A03AD01,wrong-route,"Papaverine extended-release oral tablet; G04BE02 is papaverine's intracavernosal-injection erectile-dysfunction code and doesn't apply to an oral tablet — A03AD01 (oral GI/vascular antispasmodic) is the fitting code"
1248448,CHANGE_WRONG,A01AA01,ingredient-level-overbroad,"Sodium fluoride mouthwash (topical dental rinse); A12CD01 is the systemic/dietary fluoride-supplement code and doesn't apply to a topical rinse that isn't swallowed for systemic effect"
205817,CHANGE_CORRECT,,,"Ampicillin oral suspension; removes redundant/mismatched J01CA18, keeps plain ampicillin code J01CA01"
1294381,UNSURE,,route-pollution,"Diphenhydramine/phenol topical cream; C05BB05 is phenol's sclerosing-agent-for-injection code (hemorrhoid/varicose treatment) which seems mismatched to a topical antipruritic cream, though it passes the project's broad C05-for-topical allowance"
1422107,CHANGE_CORRECT,,,"Lidocaine rectal cream (LMX); C05AD01 (rectal lidocaine) is the specific correct code vs the prior topical/parenteral/throat codes"
212735,CHANGE_CORRECT,,,"AK-Nefrin ophthalmic phenylephrine decongestant; S01GA05 (ophthalmic decongestant) is the precise code vs the mydriatic/other codes"
2003745,CHANGE_CORRECT,,,"Chlorhexidine gluconate medicated shampoo; D08AC02 correct, dental/throat codes correctly dropped; verdict already human-adjudicated"
1011809,CHANGE_CORRECT,,,"Lidocaine/epinephrine dental anesthetic cartridge; N01BB02 (local/regional anesthesia) is a reasonable primary code vs the scattered cardiac/ophthalmic/topical codes"
1426600,CHANGE_CORRECT,,,"Ethinyl estradiol/norethindrone acetate + iron pack (Loestrin Fe-type); G03AA05 (norethisterone and ethinylestradiol) is the correct combined-OCP code"
1000933,CHANGE_CORRECT,,,"Pilocarpine ophthalmic solution; S01EB01 (ophthalmic miotic) correct vs the systemic xerostomia code N07AX01"
1045341,CHANGE_CORRECT,,,"Orajel Ultra benzocaine/menthol topical cream; C05AD03+D04AB04 fit the topical allow-list, throat code correctly excluded"
1094438,CHANGE_CORRECT,,,"Adds R01BA03 (oral/systemic phenylephrine) which production was missing entirely, consistent with rows 857877/349625"
349625,CHANGE_CORRECT,,,"Guaifenesin/phenylephrine oral tablet; adds R01BA03 for phenylephrine, previously missing"
1045430,CHANGE_CORRECT,,,"Benzethonium chloride soap + zinc oxide cream pack; D08AJ08 (benzethonium chloride) correctly retained as the pack's primary antiseptic code, throat code correctly dropped"
