rxcui,final_codes,fix_source
798169,N01BA05,atcprod-confirmed
308915,A02AC01,atcprod-confirmed
311215,A07AA08,atcprod-confirmed
314266,D11AH01,atcprod-confirmed
308322,N02BE01,atcprod-confirmed
373369,C01CA06,atcprod-confirmed
794244,M02AB01,atcprod-confirmed
198707,D07AA02,atcprod-confirmed
2052704,L04AD02,atcprod-confirmed
998521,D01AC02,atcprod-confirmed
992530,D01AE15,atcprod-confirmed
979489,R03AB03,atcprod-confirmed
198556,M02AB01,atcprod-confirmed
1988768,L01ED04,atcprod-confirmed
308640,D04AB04,atcprod-promote-L4toL5
312020,C01DA02,atcprod-confirmed
199998,P02CF01,atcprod-confirmed
831393,D01AC02,atcprod-confirmed
317564,D07AA02,atcprod-confirmed
834150,D08AC02,atcprod-confirmed
836395,N02AJ13,atcprod-confirmed
2120175,D04AB01,atcprod-confirmed
1234338,D07XA01,atcprod-confirmed
1234514,D07XA01,atcprod-confirmed
582819,D04AB04,atcprod-confirmed
58930,R06AE07,atcprod-confirmed
615979,L01EX02,atcprod-confirmed
1039483,D08AX08,atcprod-confirmed
1039625,D01AE12,atcprod-confirmed
1047791,G04BX12,atcprod-confirmed
246504,J01GB07,atcprod-confirmed
252430,A12CC10,atcprod-confirmed
282561,D05BA02,atcprod-confirmed
1655041,D08AC02,atcprod-confirmed
1234396,D07XA01,atcprod-confirmed
1234506,D07XA01,atcprod-confirmed
1010234,D10AF06,atcprod-promote-L4toL5
1011709,N01BB02,atcprod-confirmed
1043488,D08AG02,atcprod-confirmed
1049900,R06AA02,atcprod-confirmed
351875,N05CM05,atcprod-confirmed
848178,D07AC01,atcprod-confirmed
854181,S01BA01,atcprod-confirmed
2178275,M01AE01,atcprod-confirmed
2117610,B05XA19,atcprod-confirmed
1110820,N01BA05,atcprod-confirmed
1013659,J01AA08,atcprod-confirmed
1037039,D08AX08,atcprod-confirmed
1723991,D04AB01,atcprod-confirmed
1039708,D08AX08,atcprod-confirmed
1046487,D01AE12,atcprod-confirmed
245647,D04AB04,atcprod-confirmed
1190563,S01FA01,atcprod-confirmed
1006107,D10AF06,atcprod-confirmed
310152,D10AF02,atcprod-confirmed
848956,S02AA15,atcprod-confirmed
1101850,N01BX03,atcprod-confirmed
1235477,R02AD01,atcprod-confirmed
212381,J04AA01,atcprod-confirmed
543879,G01AC30,atcprod-promote-L4toL5
582205,D08AJ08,atcprod-confirmed
603206,L01EB02,atcprod-confirmed
244526,D01AE12,atcprod-confirmed
1744003,J05AR03,atcprod-confirmed
1797915,R01AD11,atcprod-confirmed
1807639,B05XA03,atcprod-confirmed
1807638,B05XA03,atcprod-confirmed
1812737,D09AA11,atcprod-confirmed
1242998,L01XJ01,atcprod-confirmed
1293727,D07XA01,atcprod-confirmed
1356802,R05DA04,atcprod-confirmed
1372312,R01BA03,atcprod-promote-L4toL5
1539545,R01BA03,atcprod-promote-L4toL5
1860100,B03AA07,atcprod-confirmed
1247441,D04AB04,atcprod-confirmed
1293717,D04AA32,atcprod-promote-L4toL5
1293905,D04AB07,atcprod-confirmed
1436083,C05AD01,atcprod-confirmed
1870633,J01GB03,atcprod-confirmed
1425228,L01EC02,atcprod-confirmed
1541928,L01EX01,atcprod-confirmed
668660,H02AB06,atcprod-confirmed
701305,D10AD01,atcprod-confirmed
308207,J01CA01,atcprod-confirmed
884772,M09AB03,atcprod-confirmed
198461,N02BA01,atcprod-confirmed
204520,A12BA01,atcprod-confirmed
2046528,R06AA02,atcprod-confirmed
669750,D07AB08,atcprod-confirmed
308907,A02AC01,atcprod-confirmed
311450,B05BC01,atcprod-confirmed
998509,D01AC02,atcprod-confirmed
314106,P01AB01,atcprod-confirmed
629699,J01AA08,atcprod-confirmed
998540,G01AF04,atcprod-confirmed
861657,C01DA02,atcprod-confirmed
312215,A03AD01,atcprod-confirmed
1998481,H02AB02,atcprod-confirmed
313002,B05XA03,atcprod-confirmed
990997,S01EB05,atcprod-confirmed
2054159,L01EX08,atcprod-confirmed
995070,R05DA04,atcprod-confirmed
998530,D01AC02,atcprod-confirmed
388525,D05AX02,atcprod-confirmed
1087912,D08AX08,atcprod-confirmed
998679,C02AC01,atcprod-confirmed
207358,J01AA08,atcprod-confirmed
314163,A12BA01,atcprod-confirmed
2106362,A07AA13,atcprod-confirmed
1094338,R06AA02,atcprod-confirmed
1112248,R01BA02,atcprod-confirmed
1190776,A03BA01,atcprod-confirmed
404472,A02AD03,atcprod-confirmed
486515,B05CB01,atcprod-confirmed
858366,S01BC05,atcprod-confirmed
1010688,N01BB02,atcprod-confirmed
1049374,D09AA11,atcprod-confirmed
250912,D04AB01,atcprod-confirmed
308072,A02AD03,atcprod-confirmed
1190611,A03BA01,atcprod-confirmed
1039026,D08AJ08,atcprod-confirmed
211316,N01BA05,atcprod-confirmed
314259,N01AF03,atcprod-confirmed
351330,D10AF01,atcprod-confirmed
828365,C05AD07,atcprod-confirmed
830648,D10AD03,atcprod-confirmed
2118449,J01XA01,atcprod-confirmed
403914,A03BB03,atcprod-confirmed
858664,R02AD01,atcprod-confirmed
1093113,R06AA02,atcprod-confirmed
1193345,L01EJ01,atcprod-confirmed
1233282,D08AJ01,atcprod-confirmed
544597,R05CA02,atcprod-confirmed
238920,D07AC01,atcprod-confirmed
239204,J01GB03,atcprod-confirmed
1667915,C01CA02,atcprod-confirmed
1733890,N01BB02,atcprod-confirmed
411877,A12CC10,atcprod-confirmed
543816,N01BA05,atcprod-confirmed
1001593,B02BC06,atcprod-confirmed
1050076,R06AA02,atcprod-confirmed
1657660,L01FE01,atcprod-confirmed
1657664,L01FE01,atcprod-confirmed
1115012,N02BF01,atcprod-confirmed
388052,S01AD09,atcprod-confirmed
402091,L01EB01,atcprod-confirmed
1235591,J05AJ01,atcprod-confirmed
1045424,D08AJ08,atcprod-confirmed
1049111,D08AJ08,atcprod-confirmed
1046700,S01GA01,atcprod-confirmed
1657658,L01FE01,atcprod-confirmed
1790684,D07AA02,atcprod-confirmed
1797917,R01AD01,atcprod-confirmed
1807548,B05XA03,atcprod-confirmed
1870650,J01GB03,atcprod-confirmed
1923481,R02AD01,atcprod-confirmed
1251416,D08AX08,atcprod-confirmed
1294034,D04AB07,atcprod-confirmed
1303159,N02BE01,atcprod-confirmed
1358853,N02BE01,atcprod-confirmed
1426687,R02AA06,atcprod-promote-L4toL5
1430383,G03AC01,atcprod-confirmed
1435490,R02AD01,atcprod-confirmed
1493162,D08AJ01,atcprod-confirmed
1797921,R01AD01,atcprod-confirmed
1250282,A02AD03,atcprod-confirmed
1369972,R05DB10,atcprod-confirmed
1547771,S01HA03,atcprod-confirmed
1549559,R06AA02,atcprod-confirmed
1595448,D04AB01,atcprod-confirmed
1737582,J01FF01,atcprod-confirmed
1807508,J01XA01,atcprod-confirmed
1422080,D04AB01,atcprod-confirmed
1539953,G03AC01,atcprod-confirmed
1548724,S01BA04,atcprod-confirmed
1536675,N02BA01,atcprod-confirmed
1539955,G03AC01,atcprod-confirmed
1604350,L01EX08,atcprod-confirmed
1601394,L01EF01,atcprod-confirmed
797951,D01AE12,atcprod-confirmed
899660,C01DA02,atcprod-confirmed
310132,C01CA24,atcprod-confirmed
198477,N02BA01,atcprod-confirmed
2045382,R03BA09,atcprod-confirmed
998541,G01AF04,atcprod-confirmed
792582,B05XA02,atcprod-confirmed
312564,D08AG02,atcprod-confirmed
2047428,N02BE01,atcprod-confirmed
312517,A12BA01,atcprod-confirmed
792051,M02AB01,atcprod-confirmed
882506,R06AA02,atcprod-confirmed
990999,S01EB05,atcprod-confirmed
310322,B03AA07,atcprod-confirmed
706868,S01AA26,atcprod-confirmed
877513,L01XH02,atcprod-confirmed
996209,S01GA02,atcprod-confirmed
318272,B01AC06,atcprod-confirmed
763472,G04BE01,atcprod-confirmed
864650,S01AD09,atcprod-confirmed
312013,C01DA02,atcprod-confirmed
206347,D07AA02,atcprod-confirmed
903309,H03AA02,atcprod-confirmed
2003255,J05AR12,atcprod-confirmed
807277,J07AM01,atcprod-confirmed
210961,A12CC10,atcprod-confirmed
2118835,H02AB02,atcprod-confirmed
1094724,D08AX08,atcprod-confirmed
1099668,R01BA02,atcprod-confirmed
1099634,R05CA03,atcprod-confirmed
1190538,A03BA01,atcprod-confirmed
1232651,C01CA06,atcprod-confirmed
1234333,D07XA01,atcprod-confirmed
582753,D08AX08,atcprod-confirmed
1043399,M02AB01,atcprod-confirmed
1045420,D08AJ08,atcprod-confirmed
2002590,D01AE12,atcprod-confirmed
828381,C10AB05,atcprod-confirmed
2118829,H02AB02,atcprod-confirmed
2174801,D04AA32,atcprod-confirmed
1116294,C01CA26,atcprod-confirmed
848176,D07AC01,atcprod-confirmed
607038,N02BF02,atcprod-confirmed
1010739,N01BB02,atcprod-confirmed
1010749,N01BB02,atcprod-confirmed
1049280,D08AJ01,atcprod-confirmed
251156,B03AA07,atcprod-confirmed
858838,N02AJ23,atcprod-confirmed
261314,P02CF01,atcprod-confirmed
1665362,B01AC06,atcprod-confirmed
603203,L01EB02,atcprod-confirmed
607018,N02BF02,atcprod-confirmed
859063,M01AB05,atcprod-confirmed
240707,G03AA09,atcprod-confirmed
1100907,N02BE01,atcprod-confirmed
543873,G01AC30,atcprod-promote-L4toL5
1085996,H02AB08,atcprod-confirmed
2184088,R01BA02,atcprod-confirmed
1744005,J05AR03,atcprod-confirmed
1868473,B05XA02,atcprod-confirmed
1868469,B05XA02,atcprod-confirmed
1242397,R01BA02,atcprod-confirmed
1302656,J01AA08,atcprod-confirmed
1363363,P02CF01,atcprod-confirmed
1424307,R01BA02,atcprod-confirmed
1437306,R06AA02,atcprod-confirmed
1551286,R05DB10,atcprod-confirmed
1648999,D07AB09,atcprod-confirmed
1789740,R06AA02,atcprod-confirmed
1792393,L01EX08,atcprod-confirmed
1869595,H02AB02,atcprod-confirmed
1244193,D01AE12,atcprod-confirmed
1305100,D08AX08,atcprod-confirmed
1361402,N02BE01,atcprod-confirmed
1482679,D01AE04,atcprod-confirmed
1729173,C05AD01,atcprod-confirmed
1494979,C01EB09,atcprod-confirmed
1592290,D04AB01,atcprod-confirmed
1791409,B05BC01,atcprod-confirmed
197576,H02AB02,atcprod-confirmed
1251212,D08AC02,atcprod-confirmed
705133,C01DA02,atcprod-confirmed
702503,D07AA02,atcprod-confirmed
729768,D01AC08,atcprod-confirmed
724863,N06BA13,atcprod-confirmed
198471,N02BA01,atcprod-confirmed
311998,V03AN04,atcprod-confirmed
343040,H02AB02,atcprod-confirmed
308403,N02BA01,atcprod-confirmed
310473,J01GB03,atcprod-confirmed
789980,J01CA01,atcprod-confirmed
308657,N01BA05,atcprod-confirmed
309291,D01AE14,atcprod-confirmed
204135,D07AB08,atcprod-confirmed
809206,D04AB04,atcprod-confirmed
2054120,D11AA01,atcprod-confirmed
205530,D07AB08,atcprod-confirmed
832864,D10AF06,atcprod-confirmed
847741,J05AR10,atcprod-confirmed
2109088,R03AA01,atcprod-confirmed
2121735,H02AB02,atcprod-confirmed
1149663,S01AX18,atcprod-confirmed
1010671,N01BB02,atcprod-confirmed
1046611,R01AA08,atcprod-confirmed
1048307,G04BX12,atcprod-confirmed
1085644,D07AB09,atcprod-confirmed
261119,D06BX01,atcprod-confirmed
1234519,D07XA01,atcprod-confirmed
1047786,G04BX12,atcprod-confirmed
1049285,D08AJ01,atcprod-confirmed
1085738,D07AB09,atcprod-confirmed
245489,A11CA02,atcprod-confirmed
106222,D04AB01,atcprod-confirmed
2056893,R05DA04,atcprod-confirmed
206535,B05BC01,atcprod-confirmed
853134,M02AB01,atcprod-promote-L4toL5
2099286,R05DA04,atcprod-confirmed
211189,N02BE01,atcprod-confirmed
2108020,S01BA01,atcprod-confirmed
577237,D06BX01,atcprod-confirmed
858772,N02AJ23,atcprod-confirmed
1000128,L02AB02,atcprod-confirmed
1010895,D04AB01,atcprod-confirmed
248411,D01AE12,atcprod-confirmed
1665459,M01AB15,atcprod-confirmed
1737850,V03AB17,atcprod-confirmed
1234552,D04AB07,atcprod-promote-L4toL5
1000673,S01AB04,atcprod-confirmed
1658265,B05XA05,atcprod-confirmed
2047247,L04AF02,atcprod-confirmed
313248,S01AA09,atcprod-confirmed
858374,J01AA08,atcprod-confirmed
261280,N02BF01,atcprod-confirmed
212462,A02AC01,atcprod-confirmed
242816,J01GB03,atcprod-confirmed
1737744,C01BB01,atcprod-confirmed
1804178,D08AX08,atcprod-confirmed
1876395,D08AJ08,atcprod-confirmed
1293311,A03BA01,atcprod-confirmed
1358843,R01BA03,atcprod-confirmed
1362704,R02AA06,atcprod-promote-L4toL5
1430054,D01AE04,atcprod-confirmed
1540356,D07AA02,atcprod-confirmed
1746915,J06BC04,atcprod-confirmed
1790167,L01EX07,atcprod-confirmed
1293344,R01BA02,atcprod-confirmed
1294589,D04AA32,atcprod-promote-L4toL5
1442122,M01AB05,atcprod-confirmed
1540507,R01BA03,atcprod-promote-L4toL5
1543069,D04AB01,atcprod-confirmed
1547767,R02AA06,atcprod-promote-L4toL5
1421893,D04AB01,atcprod-confirmed
1435159,D01AE04,atcprod-confirmed
1488047,D10AD01,atcprod-confirmed
1493276,J05AB01,atcprod-confirmed
1494825,D10AF06,atcprod-promote-L4toL5
1549401,D04AB01,atcprod-confirmed
1361021,C04AB01,atcprod-confirmed
1494827,D10AF06,atcprod-promote-L4toL5
1604336,G01AF01,atcprod-confirmed
199870,M02AB01,atcprod-confirmed
310869,D07AA02,atcprod-confirmed
312016,C01DA02,atcprod-confirmed
1988751,D01AE12,atcprod-confirmed
687064,J05AR05,atcprod-confirmed
748325,B02BD30,atcprod-confirmed
861960,N06BA13,atcprod-confirmed
794229,B01AC06,atcprod-confirmed
995125,R05DA04,atcprod-confirmed
309692,S01BA01,atcprod-confirmed
198303,H02AB08,atcprod-confirmed
204499,G03CB02,atcprod-confirmed
2049533,D04AB01,atcprod-confirmed
205717,H02AB02,atcprod-confirmed
998254,R01BA02,atcprod-confirmed
308724,L01XF03,atcprod-confirmed
993781,N02AJ06,atcprod-confirmed
899688,C01DA02,atcprod-confirmed
308411,N02BA01,atcprod-confirmed
205162,D01AE12,atcprod-confirmed
831391,D01AC02,atcprod-confirmed
866486,A02AC01,atcprod-confirmed
199055,P01AB01,atcprod-confirmed
351068,G03CB01,atcprod-confirmed
211591,D07AA02,atcprod-confirmed
211832,B01AC06,atcprod-confirmed
213502,L01XF02,atcprod-confirmed
215850,A12AA04,atcprod-confirmed
210111,A02AC01,atcprod-confirmed
1233694,D04AB07,atcprod-confirmed
1234240,G04BE01,atcprod-confirmed
1234539,D04AB07,atcprod-confirmed
580294,D01AC14,atcprod-confirmed
1038559,D09AA11,atcprod-confirmed
252006,M02AB01,atcprod-confirmed
1020364,D08AX08,atcprod-confirmed
1041882,D08AX08,atcprod-confirmed
243797,A11CA02,atcprod-confirmed
205843,J01CR04,atcprod-confirmed
836368,R03BB01,atcprod-confirmed
846127,D08AC02,atcprod-confirmed
209970,N01BA03,atcprod-promote-L4toL5
825321,D06BB03,atcprod-confirmed
1993067,D08AX01,atcprod-confirmed
997415,R01BA02,atcprod-confirmed
858346,M01AB05,atcprod-confirmed
1234546,D04AB07,atcprod-promote-L4toL5
1049179,R01BA02,atcprod-confirmed
1049371,D08AJ01,atcprod-confirmed
1049633,R06AA02,atcprod-confirmed
261281,N02BF01,atcprod-confirmed
1090076,R06AA02,atcprod-confirmed
1733865,D04AB06,atcprod-confirmed
1657013,L01FX04,atcprod-confirmed
1657362,J06BD01,atcprod-confirmed
1723996,D04AB01,atcprod-confirmed
1049095,D08AJ08,atcprod-confirmed
207273,C01DA02,atcprod-confirmed
1799434,C01DA02,atcprod-confirmed
1807552,B05XA03,atcprod-confirmed
1811763,G03AC01,atcprod-confirmed
1875237,D04AB01,atcprod-confirmed
197305,S02AA10,atcprod-confirmed
1242401,R01BA02,atcprod-confirmed
1245389,A12CC01,atcprod-confirmed
1246586,C05AA01|D04AB07,atcprod-promote-L4toL5
197703,J02AX01,atcprod-confirmed
1860239,A12BA01,atcprod-confirmed
1422172,D04AB01,atcprod-confirmed
197735,D06AX07,atcprod-confirmed
1812434,D05BA02,atcprod-confirmed
1801295,A12BA01,atcprod-confirmed
1247576,S01JA01,atcprod-confirmed
1298953,L01FD02,atcprod-confirmed
727995,B05XA02,atcprod-confirmed
312139,D01AC11,atcprod-confirmed
2056670,N02CD01,atcprod-confirmed
312882,D01AE12,atcprod-confirmed
636559,P01AB01,atcprod-confirmed
692836,N02BE01,atcprod-confirmed
763484,D04AB04,atcprod-confirmed
979415,R03AB03,atcprod-confirmed
310325,B03AA07,atcprod-confirmed
903316,H03AA02,atcprod-confirmed
91348,D08AX01,atcprod-confirmed
808357,N01BA05,atcprod-confirmed
310466,S01AA11,atcprod-confirmed
668606,L01XH01,atcprod-confirmed
727820,B05XA03,atcprod-confirmed
797023,H02AB02,atcprod-confirmed
309336,J01FF01,atcprod-confirmed
199159,L01XF01,atcprod-confirmed
706461,J01FF01,atcprod-confirmed
672149,L01EH01,atcprod-confirmed
798115,D10AF02,atcprod-confirmed
199012,A01AB02,atcprod-confirmed
313144,S01AB02,atcprod-confirmed
349351,D07AB08,atcprod-confirmed
212033,N02BA01,atcprod-confirmed
213088,J05AR01,atcprod-confirmed
606947,N02BE01,atcprod-confirmed
858798,N02AJ23,atcprod-confirmed
1000131,L02AB02,atcprod-confirmed
1038834,D08AJ01,atcprod-confirmed
243670,B01AC06,atcprod-confirmed
1052647,R01BA03,atcprod-promote-L4toL5
283077,H02AB06,atcprod-confirmed
1038741,D09AA11,atcprod-confirmed
829757,B05XA05,atcprod-confirmed
857430,R06AA04,atcprod-confirmed
1092447,R06AA02,atcprod-confirmed
1000487,G03CA57,atcprod-confirmed
1010035,N01BB02,atcprod-confirmed
1037204,D08AG02,atcprod-confirmed
1041780,D08AX08,atcprod-confirmed
106258,D07AA02,atcprod-confirmed
249469,A01AD07,atcprod-confirmed
1729511,D07AA02,atcprod-confirmed
1657066,L01FG01,atcprod-confirmed
608934,G01AF01,atcprod-confirmed
1011875,D10AF06,atcprod-promote-L4toL5
238851,D08AG02,atcprod-confirmed
198601,D04AB02,atcprod-confirmed
346508,C01EB03,atcprod-confirmed
377766,G01AF04,atcprod-confirmed
1193293,R01BA03,atcprod-promote-L4toL5
1745091,D04AB01,atcprod-confirmed
1294591,D04AA32,atcprod-promote-L4toL5
198116,A12BA01,atcprod-confirmed
1437725,R06AA02,atcprod-confirmed
1440002,G01AF04,atcprod-confirmed
1608253,G01AF01,atcprod-confirmed
1855057,J06BC03,atcprod-confirmed
1867552,A12BA01,atcprod-confirmed
1246528,C05AA01,atcprod-promote-L4toL5
1293861,D04AB07,atcprod-promote-L4toL5
1919094,L01EX10,atcprod-confirmed
1942959,L01FB01,atcprod-confirmed
1359360,D06AX04,atcprod-confirmed
1369756,R01BA02,atcprod-confirmed
141859,D06BB03,atcprod-confirmed
1490057,C01CA24,atcprod-confirmed
1593733,D04AB01,atcprod-confirmed
1869821,D11AX27,atcprod-confirmed
197804,M01AE01,atcprod-confirmed
1251688,D06BX01,atcprod-confirmed
1291083,R02AA06,atcprod-promote-L4toL5
1536931,R01BA03,atcprod-promote-L4toL5
1432261,N02BE01,atcprod-confirmed
700499,V03AB33,atcprod-confirmed
706872,S01AA26,atcprod-confirmed
749329,D10AD01,atcprod-confirmed
311431,A12CC10,atcprod-confirmed
1987646,D10AD01,atcprod-confirmed
647253,D01AC08,atcprod-confirmed
311678,D06BX01,atcprod-confirmed
308718,H02AB01,atcprod-confirmed
309288,B06AA04,atcprod-confirmed
1999657,R06AA09,atcprod-confirmed
308901,A02AC01,atcprod-confirmed
882536,G01AA10,atcprod-confirmed
198248,N01BA03,atcprod-confirmed
198488,N01BA05,atcprod-confirmed
205964,J01FF01,atcprod-confirmed
317145,D08AG02,atcprod-confirmed
979379,R03AB03,atcprod-confirmed
995613,B03AA07,atcprod-confirmed
312505,A12BA01,atcprod-confirmed
198252,J01AA07,atcprod-confirmed
1991509,A06AD02,atcprod-promote-L4toL5
1995293,N01BC01,atcprod-confirmed
200059,N05CM05,atcprod-confirmed
1089990,D08AJ01,atcprod-confirmed
198759,C04AC01,atcprod-confirmed
2048005,D04AB01,atcprod-confirmed
847225,H02AB02,atcprod-confirmed
2099778,D08AX01,atcprod-confirmed
2102837,D01AE12,atcprod-confirmed
211343,D06BB06,atcprod-confirmed
2181307,N02BE01,atcprod-confirmed
1095421,B03AA07,atcprod-confirmed
1101555,R01BA03,atcprod-promote-L4toL5
312990,B05CB01,atcprod-confirmed
209002,S01BA04,atcprod-confirmed
1148644,R05CA03,atcprod-confirmed
602427,G01AA10,atcprod-confirmed
1012345,D07XA01,atcprod-confirmed
1086474,R05CA02,atcprod-confirmed
1657074,L01FG01,atcprod-confirmed
211666,D06BX01,atcprod-confirmed
1115898,D10AF06,atcprod-promote-L4toL5
1046512,D04AB01,atcprod-confirmed
1048903,D01AE12,atcprod-confirmed
1049289,R06AA02,atcprod-confirmed
259586,B03AA07,atcprod-confirmed
261178,D01AA01,atcprod-confirmed
226552,N05CM05,atcprod-confirmed
208560,S01ED01,atcprod-confirmed
2120195,N02CD01,atcprod-confirmed
1116729,D08AJ01,atcprod-confirmed
859066,M01AB05,atcprod-confirmed
1049213,N01BA05,atcprod-confirmed
1666372,C01CA06,atcprod-confirmed
1667911,C01CA02,atcprod-confirmed
1733863,C05AD01,atcprod-confirmed
1011851,D04AB01,atcprod-confirmed
1737581,J01FF01,atcprod-confirmed
1737742,C01BB01,atcprod-confirmed
1738590,H02AB09,atcprod-confirmed
252971,C05AD03,atcprod-confirmed
1006684,D10AF06,atcprod-confirmed
1012681,R01BA02,atcprod-confirmed
310150,D10AF02,atcprod-confirmed
2049133,L01EE03,atcprod-confirmed
483438,N02BF02,atcprod-confirmed
616285,L01EX01,atcprod-confirmed
859203,B05XA03,atcprod-confirmed
1737637,C01BB01,atcprod-confirmed
1807631,B05XA03,atcprod-confirmed
1922512,L01FD01,atcprod-confirmed
197519,D10AF01,atcprod-confirmed
1241663,D08AX08,atcprod-confirmed
1244675,R05CA03,atcprod-confirmed
1305269,C01CA24,atcprod-confirmed
1307051,D08AX08,atcprod-confirmed
1648110,D06AX05,atcprod-confirmed
1651001,D04AB01,atcprod-confirmed
1442130,M01AB05,atcprod-confirmed
1862590,L01XK03,atcprod-confirmed
1942847,D01AE12,atcprod-confirmed
1797884,R01AC03,atcprod-confirmed
1293859,D04AB07,atcprod-promote-L4toL5
1721583,L01EB04,atcprod-confirmed
1372298,C05AX06,atcprod-promote-L4toL5
142046,G01AF01,atcprod-confirmed
1367082,D08AJ01,atcprod-confirmed
656882,D10AD01,atcprod-confirmed
670084,H02AB01,atcprod-confirmed
705129,C01DA02,atcprod-confirmed
724568,G01AA01,atcprod-confirmed
1089078,D08AJ01,atcprod-confirmed
904773,D10AF06,atcprod-promote-L4toL5
2049016,D04AB01,atcprod-confirmed
899690,C01DA02,atcprod-confirmed
313596,S01AD06,atcprod-confirmed
206228,D10AF02,atcprod-confirmed
312504,A12BA01,atcprod-confirmed
1992303,S01ED01,atcprod-confirmed
994539,M03BC01,atcprod-confirmed
352257,N07XX04,atcprod-confirmed
829539,D10AD03,atcprod-confirmed
312910,S01FA02,atcprod-confirmed
208361,G04BX13,atcprod-confirmed
577395,M02AB01,atcprod-confirmed
581660,D08AX08,atcprod-confirmed
1010759,N01BB02,atcprod-confirmed
1041851,D08AX08,atcprod-confirmed
1049224,R02AD01,atcprod-confirmed
247816,N02BE01,atcprod-confirmed
260192,C05AA01,atcprod-confirmed
1043307,D09AA11,atcprod-confirmed
203576,R06AX13,atcprod-confirmed
846955,D10AD01,atcprod-confirmed
211161,N02BE01,atcprod-confirmed
314182,A12BA01,atcprod-confirmed
1994403,M02AB01,atcprod-confirmed
1047755,D08AX08,atcprod-confirmed
1049908,R06AA02,atcprod-confirmed
1085756,H02AB08,atcprod-confirmed
245001,A02AD03,atcprod-confirmed
1737778,D04AB01,atcprod-confirmed
1190540,A03BA01,atcprod-confirmed
562411,J01XX10,atcprod-confirmed
1005835,D10AF06,atcprod-promote-L4toL5
1010836,D04AB01,atcprod-confirmed
1112864,N02BE01,atcprod-confirmed
1146709,D01AE12,atcprod-confirmed
1148506,L01ED01,atcprod-confirmed
1658236,B05XA05,atcprod-confirmed
1992304,S01ED01,atcprod-confirmed
204903,A11CA02,atcprod-confirmed
206211,D10AF02,atcprod-confirmed
832718,A12BA01,atcprod-confirmed
1657723,L01FE02,atcprod-confirmed
1807633,B05XA03,atcprod-confirmed
1807632,B05XA03,atcprod-confirmed
1866218,C05AD01,atcprod-confirmed
1919489,V06DC01,atcprod-promote-L4toL5
1298443,R05CA03,atcprod-confirmed
1494599,R06AA02,atcprod-confirmed
1543432,D04AB04,atcprod-confirmed
1608477,V06DC01,atcprod-confirmed
1744011,J05AR03,atcprod-confirmed
1243014,L01EK01,atcprod-confirmed
1297390,R01BA02,atcprod-confirmed
1375954,R06AA09,atcprod-confirmed
1442274,D04AB01,atcprod-confirmed
1549447,D04AB01,atcprod-confirmed
1809056,N01BA03,atcprod-promote-L4toL5
1868485,B05XA02,atcprod-confirmed
1872091,D08AJ08,atcprod-confirmed
1602356,D10AF06,atcprod-promote-L4toL5
647127,H02AB06,atcprod-confirmed
687211,P01AB01,atcprod-confirmed
757665,B02BD30,atcprod-confirmed
748321,B02BD30,atcprod-confirmed
792577,B05XA02,atcprod-confirmed
884783,D08AX08,atcprod-confirmed
310434,N02BF01,atcprod-confirmed
199219,M09AB03,atcprod-confirmed
198301,H02AB08,atcprod-confirmed
2045409,H02AB02,atcprod-confirmed
998528,D01AC02,atcprod-confirmed
995081,R05DA04,atcprod-confirmed
805370,D10AD01,atcprod-confirmed
749796,N01BA05,atcprod-confirmed
904783,D07XA01,atcprod-confirmed
877014,D01AE12,atcprod-confirmed
198494,D04AB04,atcprod-confirmed
204498,G03CB02,atcprod-confirmed
2049723,D04AB01,atcprod-confirmed
797885,D01AE12,atcprod-confirmed
310963,M01AE01,atcprod-confirmed
207248,D01AC11,atcprod-confirmed
998671,C02AC01,atcprod-confirmed
313408,S01ED01,atcprod-confirmed
315183,A12BA01,atcprod-confirmed
804919,B02BC06,atcprod-confirmed
2117608,B05XA19,atcprod-confirmed
2118551,D04AB01,atcprod-confirmed
807284,B05XA02,atcprod-confirmed
1234512,D07XA01,atcprod-confirmed
1014314,D07AB09,atcprod-confirmed
1042693,R05DA04,atcprod-confirmed
1046353,R02AD01,atcprod-confirmed
1085680,H02AB08,atcprod-confirmed
1116499,D07XA01,atcprod-confirmed
1011767,D04AB01,atcprod-confirmed
1043325,D08AJ08,atcprod-confirmed
1052620,D04AB04,atcprod-confirmed
603929,C05AD03,atcprod-confirmed
1000861,D10AF06,atcprod-promote-L4toL5
360348,N01BA05,atcprod-confirmed
348719,J01GB01,atcprod-confirmed
1111764,D04AA32,atcprod-promote-L4toL5
1991413,L01FF01,atcprod-confirmed
2055026,S01XA18,atcprod-confirmed
1989112,C01CA24,atcprod-confirmed
849742,D04AB04,atcprod-confirmed
1092461,R06AA02,atcprod-confirmed
1093377,R06AA02,atcprod-confirmed
1112942,D04AB04,atcprod-confirmed
1010033,N01BB02,atcprod-confirmed
1039699,D08AX08,atcprod-confirmed
103439,D07AB08,atcprod-confirmed
1011854,D04AB01,atcprod-confirmed
1044265,D08AG02,atcprod-confirmed
2590,D07AD01|S01BA17,ingredient-level-kept
1191692,D04AB01,atcprod-confirmed
1234533,D04AB07,atcprod-confirmed
1737343,C01BB01,atcprod-confirmed
1010755,N01BB02,atcprod-confirmed
198776,N01BX03,atcprod-confirmed
313572,J01XA01,atcprod-confirmed
313861,A11CA02,atcprod-confirmed
836358,R03BB01,atcprod-confirmed
213197,D03AX06,atcprod-confirmed
1659592,J01CR04,atcprod-confirmed
616292,L01EX01,atcprod-confirmed
1868461,D04AB04,atcprod-confirmed
1251336,G03AA05,atcprod-confirmed
1292877,D04AB01,atcprod-confirmed
1294036,D04AB07,atcprod-confirmed
1535160,G01AF04,atcprod-confirmed
1536610,G01AF04,atcprod-confirmed
1549315,S01BA04,atcprod-confirmed
1598068,D11AX22,atcprod-confirmed
1244636,D07AC01,atcprod-confirmed
1245229,D04AB04,atcprod-confirmed
1251928,R01BA02,atcprod-confirmed
1291672,D04AB01,atcprod-confirmed
1363410,L01EX07,atcprod-confirmed
1370963,R01BA02,atcprod-confirmed
142002,S01KA02,atcprod-confirmed
197411,N04BC01,atcprod-confirmed
1493165,D01AE12,atcprod-confirmed
1246075,D04AB07,atcprod-confirmed
1249712,H02AB02,atcprod-confirmed
1366571,J06BC02,atcprod-confirmed
1552201,D04AB01,atcprod-confirmed
1546212,D08AG02,atcprod-confirmed
1363408,L01EX07,atcprod-confirmed
631504,B05CB01,atcprod-confirmed
727507,G03GA08,atcprod-confirmed
903298,H03AA02,atcprod-confirmed
884787,D08AX08,atcprod-confirmed
992778,G01AF04,atcprod-confirmed
310431,N02BF01,atcprod-confirmed
359261,D08AE04,atcprod-confirmed
198999,B03AA07,atcprod-confirmed
834176,D08AC02,atcprod-confirmed
312017,C01DA02,atcprod-confirmed
866489,A02AC01,atcprod-confirmed
898718,N02BF02,atcprod-confirmed
313091,B05CX02,atcprod-confirmed
865105,D01AE12,atcprod-confirmed
312562,D08AG02,atcprod-confirmed
1088235,D04AB01,atcprod-confirmed
1995288,N01BC01,atcprod-confirmed
2045638,N02CD01,atcprod-confirmed
903302,H03AA02,atcprod-confirmed
997515,R01BA02,atcprod-confirmed
309339,J01FF01,atcprod-confirmed
2000538,D04AB01,atcprod-confirmed
198334,J01EE01,atcprod-confirmed
829762,B05XA05,atcprod-confirmed
317865,A02AC01,atcprod-confirmed
828377,C10AB05,atcprod-confirmed
2107058,L01FD01,atcprod-confirmed
2106334,J07AM01,atcprod-confirmed
2168083,H02AB08,atcprod-confirmed
1146883,D04AA32,atcprod-confirmed
1233208,D04AB07,atcprod-confirmed
1234509,D07XA01,atcprod-confirmed
477451,D10AF01,atcprod-confirmed
608897,N01BA05,atcprod-confirmed
858064,J01AA08,atcprod-confirmed
1010900,N01BB02,atcprod-confirmed
108204,D08AG02,atcprod-confirmed
1085636,D07AB09,atcprod-confirmed
242429,R05CA02,atcprod-confirmed
247137,N02BA01,atcprod-confirmed
261349,L01XF03,atcprod-confirmed
581658,D08AX08,atcprod-confirmed
1047362,D01AE12,atcprod-confirmed
578803,H02AB01,atcprod-confirmed
1013662,J01AA08,atcprod-confirmed
998282,D08AC02,atcprod-confirmed
853511,D01AE12,atcprod-confirmed
857443,R06AA04,atcprod-confirmed
208328,D10AD01,atcprod-confirmed
211109,D08AG02,atcprod-confirmed
998546,G01AF04,atcprod-confirmed
211881,N02BA01,atcprod-confirmed
582608,R07AX01,atcprod-confirmed
602393,J05AR02,atcprod-confirmed
859081,N04BC01,atcprod-confirmed
1001714,D10AF06,atcprod-promote-L4toL5
1014305,B02BC06,atcprod-confirmed
239209,J01XA01,atcprod-confirmed
245723,D10AD01,atcprod-confirmed
858770,N02AJ23,atcprod-confirmed
1738592,H02AB09,atcprod-confirmed
483440,N02BF02,atcprod-confirmed
1038558,D09AA11,atcprod-confirmed
237512,B05XA18,atcprod-confirmed
260409,H02AB06,atcprod-confirmed
859130,G04BE01,atcprod-confirmed
1044532,A02AC01,atcprod-confirmed
313967,R03AA01,atcprod-confirmed
1193353,L01EJ01,atcprod-confirmed
1000095,D04AX01,atcprod-confirmed
1807580,B05XA03,atcprod-confirmed
1869281,V03AZ01,atcprod-confirmed
1947197,D04AB01,atcprod-confirmed
197407,D07AC01,atcprod-confirmed
1245492,J01XX05,atcprod-confirmed
1247825,D01AE12|D02AE01,atcprod-confirmed
1293649,C05AD07,atcprod-promote-L4toL5
1374372,H02AB02,atcprod-confirmed
1430457,L01EB03,atcprod-confirmed
1442964,D08AJ01,atcprod-confirmed
1483617,R06AA02,atcprod-confirmed
1535597,D08AX08,atcprod-confirmed
1603382,D01AE12,atcprod-confirmed
1659595,J01CR04,atcprod-confirmed
1727485,L01ED03,atcprod-confirmed
1796083,J05AJ03,atcprod-confirmed
1807637,B05XA03,atcprod-confirmed
1299244,R01BA02,atcprod-confirmed
1424872,R05DB10,atcprod-confirmed
1437982,D01AE04,atcprod-confirmed
197431,H05BX05,atcprod-confirmed
1542813,D06AA04,atcprod-confirmed
1536467,N02BA01,atcprod-confirmed
1543552,L01XH04,atcprod-confirmed
797955,D01AE12,atcprod-confirmed
797274,D10AF01,atcprod-confirmed
310878,A07EA02,atcprod-confirmed
198463,N02BA01,atcprod-confirmed
2001439,D04AB01,atcprod-confirmed
207346,C01DA02,atcprod-confirmed
834167,D08AC02,atcprod-confirmed
884225,N02CX02,atcprod-confirmed
317146,D08AG02,atcprod-confirmed
343050,A12BA01,atcprod-confirmed
861422,S01ED01,atcprod-confirmed
904620,D02AE01|D10AF06,atcprod-promote-L4toL5
797452,D10AF02,atcprod-confirmed
763088,G03AC03|G03AD01,atcprod-confirmed
1996204,B03BB01,atcprod-confirmed
895749,D04AB04,atcprod-confirmed
2001424,J05AR11,atcprod-confirmed
313251,J01AA07,atcprod-confirmed
373901,B05XA03,atcprod-confirmed
211609,S01KA02,atcprod-confirmed
213541,D07AC01,atcprod-confirmed
2180661,D06AA04,atcprod-confirmed
1098198,D08AX08,atcprod-confirmed
1101852,R02AA19,atcprod-promote-L4toL5
1234576,R01AA04,atcprod-confirmed
1020479,R06AA02,atcprod-confirmed
1039281,D07AA02,atcprod-confirmed
1050385,R01BA03,atcprod-promote-L4toL5
1052416,N02BE01,atcprod-confirmed
403840,J01AA08,atcprod-confirmed
1049901,R06AA02,atcprod-confirmed
311430,A12CC10,atcprod-confirmed
199130,D08AX08,atcprod-confirmed
996994,N02AJ07,atcprod-confirmed
332451,M01AC06,atcprod-confirmed
802559,R02AD01,atcprod-confirmed
855628,M01AB05,atcprod-confirmed
855657,M01AB05,atcprod-confirmed
208332,D10AD01,atcprod-confirmed
210351,M02AB01,atcprod-confirmed
237212,G04BE01,atcprod-confirmed
1147619,R01BA03,atcprod-promote-L4toL5
1046593,D08AJ01,atcprod-confirmed
1052633,N01BA05,atcprod-confirmed
241063,R03DA01,atcprod-confirmed
1661567,J01GB01,atcprod-confirmed
106302,D10AD01,atcprod-confirmed
251294,D01AE12,atcprod-confirmed
248684,D01AE12,atcprod-confirmed
1737566,C01BB01,atcprod-confirmed
2049888,J01XA01,atcprod-confirmed
312214,A03AD01,atcprod-confirmed
1804806,B01AD02,atcprod-confirmed
1858984,D04AB01,atcprod-confirmed
1870207,C01CA24,atcprod-confirmed
1923483,R02AD01,atcprod-confirmed
197736,J01GB03,atcprod-confirmed
1431687,D04AB01,atcprod-confirmed
1648369,R06AA02,atcprod-confirmed
1668247,B05XA19,atcprod-confirmed
1303251,N02BE01,atcprod-confirmed
1356809,R05DA04,atcprod-confirmed
1490487,A02AC01,atcprod-confirmed
1491797,D08AX08,atcprod-confirmed
1543717,D04AB01,atcprod-confirmed
1547593,N01BA05,atcprod-confirmed
1603365,L01XH03,atcprod-confirmed
1543072,N02BE01,atcprod-confirmed
1876392,D08AJ08,atcprod-confirmed
1364581,L01EX07,atcprod-confirmed
628953,A12BA01,atcprod-confirmed
758019,J01AA07|P01AB01,atcprod-confirmed
308714,D07XC01,atcprod-confirmed
310891,D07AA02,atcprod-confirmed
705164,R01BA03,atcprod-confirmed
313016,B05XA03,atcprod-confirmed
748962,G03AC01,atcprod-confirmed
309774,V06DC01,atcprod-confirmed
198555,M02AB01,atcprod-confirmed
206354,D07AA02,atcprod-confirmed
997658,D04AB04,atcprod-confirmed
313092,A06AD18,atcprod-confirmed
794239,D11AX03,atcprod-confirmed
794979,H02AB06,atcprod-confirmed
312881,D01AE12,atcprod-confirmed
833472,D05AX02,atcprod-confirmed
1087459,R05DA03,atcprod-confirmed
324026,R06AX26,atcprod-confirmed
831533,G03AC01,atcprod-confirmed
848180,D07AC01,atcprod-confirmed
209468,N02BE01,atcprod-confirmed
2117337,R02AD01,atcprod-confirmed
1098910,B03AA07,atcprod-confirmed
1100016,D08AX08,atcprod-confirmed
1151,A11GA01|G01AD03|S01XA15,ingredient-level-kept
1190551,A03BA01,atcprod-confirmed
543492,D07AA02,atcprod-confirmed
608926,N01BA05,atcprod-confirmed
597823,J01GB01,atcprod-confirmed
860115,M01AB15,atcprod-confirmed
1011852,D04AB01,atcprod-confirmed
1013934,C02AC01,atcprod-confirmed
1014022,J01AA08,atcprod-confirmed
2119719,L01FD01,atcprod-confirmed
1012223,C05AA01,atcprod-promote-L4toL5
1053329,D01AE12,atcprod-confirmed
1085640,D07AB09,atcprod-confirmed
1052670,R01BA03,atcprod-promote-L4toL5
1052684,D04AB07,atcprod-confirmed
855635,M02AA15,atcprod-confirmed
1101854,R02AA19,atcprod-promote-L4toL5
1089117,D06AX05,atcprod-promote-L4toL5
1232712,R01AA06,atcprod-confirmed
1010902,N01BB02,atcprod-confirmed
1053346,A06AD04,atcprod-confirmed
260847,N02BA01,atcprod-confirmed
1734934,J05AB01,atcprod-confirmed
1741529,R01BA03,atcprod-promote-L4toL5
211108,D08AG02,atcprod-confirmed
860096,M01AB15,atcprod-confirmed
1010835,D04AB01,atcprod-confirmed
1053339,N01BA05,atcprod-confirmed
238015,G03AA05,atcprod-confirmed
581753,D03BA01,atcprod-promote-L4toL5
1013665,J01AA08,atcprod-confirmed
1809754,B03BB01,atcprod-confirmed
1867940,N01BB02,atcprod-confirmed
1867944,N01BB02,atcprod-confirmed
1245383,A12CC01,atcprod-confirmed
1251327,G03AA05,atcprod-confirmed
1249717,R06AA02,atcprod-confirmed
1300064,D01AE14,atcprod-confirmed
1595155,D04AB04,atcprod-confirmed
1737568,C01BB01,atcprod-confirmed
1741905,D10AX05,atcprod-confirmed
1865193,M02AB01,atcprod-promote-L4toL5
1363513,R01BA02,atcprod-confirmed
1652108,C05AD01,atcprod-confirmed
1290936,D01AE12,atcprod-confirmed
1294621,A02BD08,atcprod-confirmed
1424257,D04AB07,atcprod-confirmed
731538,J01CE08,atcprod-confirmed
731572,J01CE08,atcprod-confirmed
884185,C02AC01,atcprod-confirmed
997406,R01BA02,atcprod-confirmed
637518,D04AB04,atcprod-confirmed
759697,H02AB02,atcprod-confirmed
898396,G01AX11,atcprod-confirmed
904268,A12BA01,atcprod-confirmed
1994389,N02BF02,atcprod-confirmed
312529,A12BA01,atcprod-confirmed
351974,A01AB23,atcprod-confirmed
880326,N02BE01,atcprod-confirmed
882504,R06AA02,atcprod-confirmed
205259,J07AM01,atcprod-confirmed
748961,G03AC01,atcprod-confirmed
834160,D08AC02,atcprod-confirmed
899705,C01DA02,atcprod-confirmed
308725,L01XF03,atcprod-confirmed
2000023,L01EL01,atcprod-confirmed
200082,J05AR01,atcprod-confirmed
998525,D01AC02,atcprod-confirmed
849295,N02AC04,atcprod-confirmed
846192,H02AB02,atcprod-confirmed
211315,N01BA05,atcprod-confirmed
1233682,D08AC02,atcprod-confirmed
1012229,C05AA01,atcprod-promote-L4toL5
1012327,C05AA01,atcprod-promote-L4toL5
1012966,D04AB01,atcprod-confirmed
103403,D07AA02,atcprod-confirmed
1045430,D08AJ08,atcprod-confirmed
1053142,D04AA32,atcprod-promote-L4toL5
238909,N01BA05,atcprod-confirmed
1111703,R05CA02,atcprod-confirmed
1001006,N07AX01,atcprod-confirmed
1041498,D08AX08,atcprod-confirmed
1049906,R06AA02,atcprod-confirmed
11248,B03BA01,ingredient-level-kept
804544,S01BA16,atcprod-confirmed
1095725,R06AA04,atcprod-confirmed
2045632,N02CD01,atcprod-confirmed
1094740,D04AB04,atcprod-confirmed
1235205,D01AE12,atcprod-confirmed
544741,D10AF01,atcprod-confirmed
1038856,D09AA11,atcprod-confirmed
1658044,L04AG12,atcprod-confirmed
1737641,C01BB01,atcprod-confirmed
2174809,L01FD01,atcprod-confirmed
1233698,D04AB07,atcprod-confirmed
239237,D01BA01,atcprod-confirmed
240812,D01AC08,atcprod-confirmed
242736,D06BX01,atcprod-confirmed
247835,D08AX08,atcprod-confirmed
1658087,L01FD03,atcprod-confirmed
1190331,R01BA02,atcprod-confirmed
1053188,D08AJ01,atcprod-confirmed
1085745,D07AB09,atcprod-confirmed
1234242,G04BE01,atcprod-confirmed
242946,C01DA02,atcprod-confirmed
1797913,R01AD11,atcprod-confirmed
1809903,D08AX08,atcprod-confirmed
1867544,A12BA01,atcprod-confirmed
1868562,C01DA02,atcprod-confirmed
1236716,R01BA02,atcprod-confirmed
1363475,R06AA02,atcprod-confirmed
1363785,R01BA03,atcprod-confirmed
1424457,D10AD01,atcprod-confirmed
1604395,L01EX08,atcprod-confirmed
1796137,M02AB01,atcprod-promote-L4toL5
1868028,N01BB02,atcprod-confirmed
1235595,J05AJ01,atcprod-confirmed
1737763,C01BB01,atcprod-confirmed
1870225,C01CA24,atcprod-confirmed
1291677,D04AB01,atcprod-confirmed
1300092,S01FB01,atcprod-confirmed
141868,M02AB01,atcprod-confirmed
1593771,N02BE01,atcprod-confirmed
1542385,C01CA06,atcprod-confirmed
1653326,D04AB01,atcprod-confirmed
1603369,L01XH03,atcprod-confirmed
643066,J05AR06,atcprod-confirmed
798176,D08AG02,atcprod-confirmed
200036,G01AF02,atcprod-confirmed
995084,R05DA04,atcprod-confirmed
308278,N02BE01,atcprod-confirmed
198300,D10AD01,atcprod-confirmed
998526,D01AC02,atcprod-confirmed
889520,N02BE01,atcprod-confirmed
309287,B06AA04,atcprod-confirmed
1087457,G04BX12,atcprod-confirmed
998501,D01AC02,atcprod-confirmed
692730,M02AB01,atcprod-confirmed
199561,A02BA02,atcprod-confirmed
206344,B05XA11,atcprod-confirmed
313134,J01EE01,atcprod-confirmed
309289,D01AE14,atcprod-confirmed
2046149,L01FG01,atcprod-confirmed
206336,D07AA02,atcprod-confirmed
207127,J02AX01,atcprod-confirmed
1090456,R06AA02,atcprod-confirmed
848960,S02AA15,atcprod-confirmed
1101377,S01GA02,atcprod-confirmed
407856,V03AN04,atcprod-confirmed
1038746,D09AA11,atcprod-confirmed
1085741,D07AB09,atcprod-confirmed
283274,N02BE01,atcprod-confirmed
205626,M01AE09,atcprod-confirmed
998673,C02AC01,atcprod-confirmed
1091339,D10AF01,atcprod-confirmed
210864,N02BE01,atcprod-confirmed
2170987,D01AE12,atcprod-confirmed
2178283,M02AB01,atcprod-promote-L4toL5
543786,N01BA03,atcprod-promote-L4toL5
1005853,D10AF06,atcprod-promote-L4toL5
1049910,R06AA02,atcprod-confirmed
105467,G04BE01,atcprod-confirmed
1733859,D04AB01,atcprod-confirmed
1010053,N01BB02,atcprod-confirmed
1046442,D08AJ01,atcprod-confirmed
1046867,A01AA02,atcprod-confirmed
616810,D08AX08,atcprod-confirmed
1009433,D04AB01,atcprod-confirmed
239239,D01BA01,atcprod-confirmed
1086767,R06AA02,atcprod-confirmed
404179,A02AC01,atcprod-confirmed
545118,S01AE05,atcprod-confirmed
1797906,R01AD11,atcprod-confirmed
1867997,N01BB02,atcprod-confirmed
1372891,D04AB01,atcprod-confirmed
1422103,D04AB01,atcprod-confirmed
1425110,L01EE01,atcprod-confirmed
1442585,D01AC03,atcprod-confirmed
1545290,D04AB01,atcprod-confirmed
1547672,R03BA09,atcprod-confirmed
1604352,L01EX08,atcprod-confirmed
1546894,J05AR13,atcprod-confirmed
1793135,B02BC06,atcprod-confirmed
1798385,D08AX08,atcprod-confirmed
1919512,L01FF03,atcprod-confirmed
1943497,R05DB10,atcprod-confirmed
1251562,D01AE12,atcprod-confirmed
1442590,D01AC03,atcprod-confirmed
1801294,A12BA01,atcprod-confirmed
1807510,J01XA01,atcprod-confirmed
1244921,R05DA04,atcprod-confirmed
1310820,D08AJ01,atcprod-confirmed
1312408,L01EX05,atcprod-confirmed
1536882,R01BA03,atcprod-promote-L4toL5
1547952,G04BX12,atcprod-confirmed
1923428,S01ED01,atcprod-confirmed
1442992,L01EL01,atcprod-confirmed
885228,R02AD01,atcprod-confirmed
992774,G01AF04,atcprod-confirmed
884770,N02BE01,atcprod-confirmed
91349,D08AX01,atcprod-confirmed
995077,R05DA04,atcprod-confirmed
308579,D03AX06,atcprod-confirmed
312614,H02AB06,atcprod-confirmed
2044886,D07XA01,atcprod-confirmed
198818,D08AG02,atcprod-confirmed
1988786,L01ED04,atcprod-confirmed
903438,H03AA02,atcprod-confirmed
312018,C01DA02,atcprod-confirmed
199105,D04AB01,atcprod-confirmed
998483,D01AC02,atcprod-confirmed
313452,D10AD01,atcprod-confirmed
314047,M01AE01,atcprod-confirmed
404284,D07AA02,atcprod-confirmed
310433,N02BF01,atcprod-confirmed
373896,B05XA02,atcprod-confirmed
724859,N06BA13,atcprod-confirmed
884014,P02CF01,atcprod-confirmed
198487,N01BA05,atcprod-confirmed
757667,B02BD30,atcprod-confirmed
204969,D04AB04,atcprod-confirmed
1087026,D04AA32,atcprod-promote-L4toL5
2046145,L01FG01,atcprod-confirmed
2055008,D10AD01,atcprod-confirmed
999613,D10AF06,atcprod-promote-L4toL5
313090,B05CX02,atcprod-confirmed
827693,R07AX01,atcprod-confirmed
855626,M01AB05,atcprod-confirmed
1101389,S01GA02,atcprod-confirmed
1233623,M02AB01,atcprod-promote-L4toL5
1234594,D01AE12,atcprod-confirmed
404044,D07AA02,atcprod-confirmed
1011707,N01BB02,atcprod-confirmed
1037205,D08AG02,atcprod-confirmed
1014571,R01BA02,atcprod-confirmed
1085773,D07AB09,atcprod-confirmed
1658262,B05XA05,atcprod-confirmed
1011705,D04AB01,atcprod-confirmed
283420,D08AX01,atcprod-confirmed
392275,J01FF01,atcprod-confirmed
1101534,R01BA03,atcprod-promote-L4toL5
237205,C01DA02,atcprod-confirmed
1234532,D04AB07,atcprod-confirmed
1038799,D08AJ01,atcprod-confirmed
245640,D01AE12,atcprod-confirmed
283523,N02BF01,atcprod-confirmed
1737735,C01BB01,atcprod-confirmed
1010763,N01BB02,atcprod-confirmed
1039716,D01AE12,atcprod-confirmed
1049888,D04AA32,atcprod-confirmed
1086386,V06DC01,atcprod-confirmed
1736656,G03AA05,atcprod-confirmed
1789746,R06AA02,atcprod-confirmed
1005819,D10AF06,atcprod-promote-L4toL5
1006122,S01AB04,atcprod-confirmed
285028,J05AR04,atcprod-confirmed
1193337,L01EJ01,atcprod-confirmed
616287,L01EX01,atcprod-confirmed
1657705,L01FE02,atcprod-confirmed
1804802,B01AD02,atcprod-confirmed
1807550,B05XA03,atcprod-confirmed
1812194,H02AB02,atcprod-confirmed
1860080,D08AX08,atcprod-confirmed
1865144,D07AA02,atcprod-confirmed
1293729,D07XA01,atcprod-confirmed
1312747,M02AB01,atcprod-confirmed
1374842,A07AA01,atcprod-confirmed
1487251,N02BE01,atcprod-confirmed
1294019,R05CA03,atcprod-confirmed
1432482,D04AB01,atcprod-confirmed
1489070,R02AD01,atcprod-confirmed
1491882,D04AB01,atcprod-confirmed
1547664,R03BA09,atcprod-confirmed
1363279,L01EX07,atcprod-confirmed
861962,N06BA13,atcprod-confirmed
758020,J01AA07|P01AB01,atcprod-confirmed
310877,D07AA02,atcprod-confirmed
312255,D06BB06,atcprod-confirmed
198405,M01AE01,atcprod-confirmed
998675,C02AC01,atcprod-confirmed
804752,M02AB01,atcprod-confirmed
992528,D01AE15,atcprod-confirmed
995073,R05DA04,atcprod-confirmed
994535,M03BC01,atcprod-confirmed
198475,N02BA01,atcprod-confirmed
2000027,L01EL01,atcprod-confirmed
723801,R05CA02,atcprod-confirmed
864735,N01BA05,atcprod-confirmed
198235,J01EB05,atcprod-confirmed
999927,D10AD01,atcprod-confirmed
861385,J02AX05,atcprod-confirmed
828576,N02AC04,atcprod-confirmed
669025,N01BA05,atcprod-confirmed
885578,B03AA07,atcprod-confirmed
313009,A12CA01,atcprod-confirmed
198706,D07AA02,atcprod-confirmed
204442,M01AE01,atcprod-confirmed
995019,C01DA02,atcprod-confirmed
313847,L01XF02,atcprod-confirmed
208406,J01EE01,atcprod-confirmed
211194,N02BE01,atcprod-confirmed
1100057,D01AE14,atcprod-confirmed
212978,A02AD03,atcprod-confirmed
1145610,D08AX08,atcprod-confirmed
858364,S01BC05,atcprod-confirmed
1039227,D04AB04,atcprod-confirmed
1043353,N01BA05,atcprod-confirmed
1053239,N01BA05,atcprod-confirmed
1085750,H02AB08,atcprod-confirmed
1664543,R05DA04,atcprod-confirmed
1012068,N01BB02,atcprod-confirmed
1046643,S01GA01,atcprod-confirmed
804547,S01BA16,atcprod-confirmed
1102185,D08AJ01,atcprod-confirmed
996991,N02AJ07,atcprod-confirmed
313996,J01GB03,atcprod-confirmed
849304,N02AC04,atcprod-confirmed
2123034,J05AR12,atcprod-confirmed
1098498,R01BA02,atcprod-confirmed
1117525,J01XB01,atcprod-confirmed
1234569,R01AA04,atcprod-confirmed
1235472,R02AD01,atcprod-confirmed
1044524,A02AC01,atcprod-confirmed
1721434,N02BA04,atcprod-confirmed
1737761,C01BB01,atcprod-confirmed
543725,R02AD01,atcprod-confirmed
1000638,S01EB01,atcprod-confirmed
1721476,J01CA01,atcprod-confirmed
1049278,D08AJ01,atcprod-confirmed
1741907,D10AX05,atcprod-confirmed
1092428,D04AA32,atcprod-promote-L4toL5
604651,D01AC08,atcprod-confirmed
607026,N02BF02,atcprod-confirmed
1658259,B05XA05,atcprod-confirmed
1872891,D04AB01,atcprod-confirmed
1299143,R01BA02,atcprod-confirmed
1300272,D01AC08,atcprod-confirmed
1608499,N01BB02,atcprod-confirmed
1363777,R01BA03,atcprod-confirmed
1788989,V03AB17,atcprod-confirmed
1796730,C01CA26,atcprod-confirmed
1870230,C01CA24,atcprod-confirmed
1249758,D04AB01,atcprod-confirmed
1306298,J05AR09,atcprod-confirmed
1366789,C05AD01,atcprod-confirmed
1422078,C05AD01,atcprod-confirmed
1495070,P01CX04,atcprod-confirmed
1550534,G01AF08,atcprod-confirmed
1375948,R06AA09,atcprod-confirmed
1298226,R01BA02,atcprod-confirmed
1855072,H05BX05,atcprod-confirmed
1489934,N02BA04,atcprod-confirmed
617973,D08AG02,atcprod-confirmed
892833,D04AB04,atcprod-confirmed
311679,D06BX01,atcprod-confirmed
1987647,D04AB01,atcprod-confirmed
2049223,R05CA03,atcprod-confirmed
993755,N02AJ06,atcprod-confirmed
311683,P01AB01,atcprod-confirmed
309371,A01AB18,atcprod-confirmed
994537,M03BC01,atcprod-confirmed
700387,L04AJ01,atcprod-confirmed
308806,M09AB03,atcprod-confirmed
669214,D04AB04,atcprod-confirmed
701392,A02AC01,atcprod-confirmed
723778,D01AE12,atcprod-confirmed
797892,D01AE12,atcprod-confirmed
903312,H03AA02,atcprod-confirmed
992780,G01AF04,atcprod-confirmed
310116,C01CA24,atcprod-confirmed
310971,S01AD01,atcprod-confirmed
198760,C04AC01,atcprod-confirmed
198845,D01AE12,atcprod-confirmed
1989506,J05AR21,atcprod-confirmed
349148,D10AF02,atcprod-confirmed
360349,N01BA05,atcprod-confirmed
373522,A12BA01,atcprod-confirmed
824889,H02AB06,atcprod-confirmed
857461,R06AA04,atcprod-confirmed
2099700,H02AB02,atcprod-confirmed
2121948,D01AC02,atcprod-confirmed
476673,N02BF01,atcprod-confirmed
607028,N02BF02,atcprod-confirmed
616805,D08AX08,atcprod-confirmed
1000664,S01EB01,atcprod-confirmed
1010774,D04AB01,atcprod-confirmed
1012594,D04AB01,atcprod-confirmed
1020365,D08AJ01,atcprod-confirmed
1037234,J01XX05,atcprod-confirmed
1085985,H02AB08,atcprod-confirmed
239207,J01GB07,atcprod-confirmed
250511,D01AC14,atcprod-confirmed
1147993,V06DC01,atcprod-confirmed
1234456,D01AE12,atcprod-confirmed
1012233,C05AA01,atcprod-promote-L4toL5
1052943,S01GA02,atcprod-confirmed
1657343,J06BD01,atcprod-confirmed
855687,D10AD01,atcprod-confirmed
211874,N02BA01,atcprod-confirmed
213500,A01AB02,atcprod-confirmed
311951,C04AC01,atcprod-confirmed
1087463,R05DA03,atcprod-confirmed
827318,N02BE01,atcprod-confirmed
998533,D01AC02,atcprod-confirmed
1090992,G03AA05,atcprod-confirmed
1116191,R03CA02,atcprod-confirmed
581662,D08AX08,atcprod-confirmed
607022,N02BF02,atcprod-confirmed
1005834,D10AF06,atcprod-promote-L4toL5
1657068,L01FG01,atcprod-confirmed
249066,H02AB06,atcprod-confirmed
1114096,L01EX04,atcprod-confirmed
1012956,R01BA02,atcprod-confirmed
1046378,R01BA03,atcprod-promote-L4toL5
824983,D01AE12,atcprod-confirmed
847749,J05AR10,atcprod-confirmed
1117522,J01XB01,atcprod-confirmed
1190542,A03BA01,atcprod-confirmed
2117335,R02AD01,atcprod-promote-L4toL5
607033,N02BF02,atcprod-confirmed
1235569,S01GA02,atcprod-confirmed
1006110,D10AF06,atcprod-confirmed
1797853,R01AC01,atcprod-confirmed
1867943,N01BB02,atcprod-confirmed
1294356,R05DA04,atcprod-confirmed
1421168,D01AE12,atcprod-confirmed
197725,M01AE09,atcprod-confirmed
197786,D07AA02,atcprod-confirmed
1430522,R01BA02,atcprod-confirmed
1534809,G03AA13,atcprod-confirmed
1536434,A12BA01,atcprod-confirmed
1547773,S01HA03,atcprod-confirmed
1549223,D04AB01,atcprod-confirmed
1797910,R01AD01,atcprod-confirmed
1872886,D04AB01,atcprod-confirmed
197310,J05AB01,atcprod-confirmed
1244233,N01AF01,atcprod-confirmed
1249715,R06AA02,atcprod-confirmed
197532,G01AF02,atcprod-confirmed
1489307,D08AX08,atcprod-confirmed
1592802,P02CF01,atcprod-confirmed
1737571,C01BB01,atcprod-confirmed
1313818,C05AX06,atcprod-promote-L4toL5
1544968,C05AX06,atcprod-promote-L4toL5
1600991,B01AC06,atcprod-confirmed
1791403,B05BC01,atcprod-confirmed
1297753,C07AB05,atcprod-confirmed
1369420,R05DB10,atcprod-confirmed
1541816,N01BA05,atcprod-confirmed
707793,D07AA02,atcprod-confirmed
797730,D08AG02,atcprod-confirmed
643127,H02AB06,atcprod-confirmed
891451,V06DC01,atcprod-confirmed
309290,D01AE14,atcprod-confirmed
1090482,R05CA03,atcprod-confirmed
198412,B05BB03,atcprod-confirmed
359221,N02BE01,atcprod-confirmed
798072,N01BA05,atcprod-confirmed
692479,R01BA03,atcprod-confirmed
727505,G03GA08,atcprod-confirmed
308409,N02BA01,atcprod-confirmed
877516,L01XH02,atcprod-confirmed
723562,D04AB04,atcprod-confirmed
999638,G01AC30,atcprod-confirmed
1087030,D04AA32,atcprod-promote-L4toL5
205529,D07AB08,atcprod-confirmed
1090754,D01AC02,atcprod-confirmed
199864,D04AB04,atcprod-confirmed
210958,A12CC10,atcprod-confirmed
2117381,D01AE12,atcprod-confirmed
211891,N02BA01,atcprod-confirmed
2178281,R06AC01,atcprod-confirmed
1098418,L01EX04,atcprod-confirmed
1190692,A03BA01,atcprod-confirmed
1010769,D04AB01,atcprod-confirmed
1010878,N01BB02,atcprod-confirmed
1010931,D04AB01,atcprod-confirmed
1011703,S01HA07,atcprod-confirmed
1050077,D04AA32,atcprod-confirmed
1657026,N01BB02,atcprod-confirmed
1000154,L02AB02,atcprod-confirmed
240209,D07AC01,atcprod-confirmed
997643,D10AD01,atcprod-confirmed
351291,S01XA18,atcprod-confirmed
2196992,D08AC02,atcprod-confirmed
1190614,A03BA01,atcprod-confirmed
995122,R05DA04,atcprod-confirmed
2118448,J01XA01,atcprod-confirmed
2120199,N02CD01,atcprod-confirmed
1234563,R01AA04,atcprod-confirmed
1012715,D08AJ01,atcprod-confirmed
259218,G03AC03|G03AD01,atcprod-confirmed
1663747,D10AD03,atcprod-confirmed
1737723,C01BB01,atcprod-confirmed
602395,J05AR02,atcprod-confirmed
1039474,D08AX08,atcprod-confirmed
245199,D01AE12,atcprod-confirmed
1721619,J05AR18,atcprod-confirmed
1189781,B01AC06,atcprod-confirmed
1014123,D10AF06,atcprod-promote-L4toL5
1039279,D07AA02,atcprod-confirmed
238030,N01BA02,atcprod-confirmed
284303,M02AB01,atcprod-confirmed
199703,N04BC06,atcprod-confirmed
1244695,R05CA03,atcprod-confirmed
1251325,G03AA05,atcprod-confirmed
1374574,J01GB01,atcprod-confirmed
198039,C01DA02,atcprod-confirmed
1440936,D07AA02,atcprod-confirmed
1441376,R05DB10,atcprod-confirmed
1599133,N02BE01,atcprod-confirmed
1649008,D04AB01,atcprod-confirmed
1362041,D01AE04,atcprod-confirmed
1860136,A12BA01,atcprod-confirmed
1866401,D04AB04,atcprod-confirmed
1870205,C01CA24,atcprod-confirmed
1919088,L01EX10,atcprod-confirmed
1251034,D01AE04,atcprod-confirmed
1251787,R06AA02,atcprod-confirmed
1361023,C04AB01,atcprod-confirmed
151720,G03CA03,atcprod-confirmed
1722376,L01EE02,atcprod-confirmed
1921228,L01ED04,atcprod-confirmed
1536586,G03AA13,atcprod-confirmed
1250976,D01AE04,atcprod-confirmed
749795,B01AC06,atcprod-confirmed
968100,D01AE12,atcprod-confirmed
884223,N02CX02,atcprod-confirmed
992766,G01AF04,atcprod-confirmed
1989117,C01CA24,atcprod-confirmed
999640,G01AC30,atcprod-confirmed
992775,G01AF04,atcprod-confirmed
308512,D06AX05,atcprod-confirmed
308709,H02AB01,atcprod-confirmed
310477,J01GB03,atcprod-confirmed
312140,D01AC11,atcprod-confirmed
995088,R05DA04,atcprod-confirmed
1996189,N02AE01,atcprod-confirmed
995118,R05DA04,atcprod-confirmed
351383,D01AE14,atcprod-confirmed
313254,J01AA07,atcprod-confirmed
207359,J01AA08,atcprod-confirmed
834148,A01AB03,atcprod-confirmed
212843,D01AE12,atcprod-confirmed
1234322,D07XA01,atcprod-confirmed
483442,N02BF02,atcprod-confirmed
616763,D08AX08,atcprod-confirmed
1046351,R02AD01,atcprod-confirmed
1048132,R02AD04,atcprod-confirmed
260125,H02AB06,atcprod-confirmed
1655179,D08AC02,atcprod-confirmed
1658245,B05XA05,atcprod-confirmed
1661076,D08AC02,atcprod-confirmed
1190334,R01BA02,atcprod-confirmed
1010692,N01BB02,atcprod-confirmed
1723868,D08AC02,atcprod-confirmed
1724486,D04AA32,atcprod-confirmed
199189,M02AB01,atcprod-promote-L4toL5
347021,V03AN04,atcprod-confirmed
404473,S01AE07,atcprod-confirmed
211887,N02BA01,atcprod-confirmed
1101637,G04BX12,atcprod-confirmed
351380,D01AE14,atcprod-confirmed
207249,D01AC11,atcprod-confirmed
847734,P01BF01,atcprod-confirmed
1000946,D10AF06,atcprod-promote-L4toL5
103161,M01AB03,atcprod-confirmed
1042821,D01AE12,atcprod-confirmed
1048134,R02AD04,atcprod-confirmed
1147228,L01EC01,atcprod-confirmed
1010238,D10AF06,atcprod-promote-L4toL5
1049228,D08AJ01,atcprod-confirmed
1738541,D07AC01,atcprod-confirmed
1660001,B02BD03,atcprod-confirmed
483448,N02BF02,atcprod-confirmed
1006057,D10AF06,atcprod-promote-L4toL5
1088744,D01AC02,atcprod-confirmed
313246,D04AB06,atcprod-confirmed
1098416,L01EX04,atcprod-confirmed
1191,A01AD05|B01AC06|N02BA01,ingredient-level-kept
562445,M02AB01,atcprod-confirmed
858778,N02AJ23,atcprod-confirmed
1720617,D07AB09,atcprod-promote-L4toL5
1804836,D08AX08,atcprod-confirmed
197582,H02AB02,atcprod-confirmed
1292313,D04AA32,atcprod-promote-L4toL5
1314932,D07AA02,atcprod-confirmed
1360956,D07XA01,atcprod-confirmed
1422560,D01AE12,atcprod-confirmed
1428948,D04AB01,atcprod-confirmed
197784,D07AA02,atcprod-confirmed
1437709,D11AX21,atcprod-confirmed
1485227,R02AA06,atcprod-promote-L4toL5
1867996,N01BB02,atcprod-confirmed
1367692,D08AX08,atcprod-confirmed
1870631,J01GB03,atcprod-confirmed
1249763,D04AB01,atcprod-confirmed
1294342,D04AB07,atcprod-confirmed
1302676,J01AA08,atcprod-confirmed
1601660,J05AR15,atcprod-confirmed
1655062,D10AF06,atcprod-confirmed
1657196,L01FF01,atcprod-confirmed
1243786,B02BD30,atcprod-confirmed
1599652,M02AB01,atcprod-promote-L4toL5
702306,H02AB06,atcprod-confirmed
727822,B05XA03,atcprod-confirmed
861381,J02AX05,atcprod-confirmed
992770,G01AF04,atcprod-confirmed
310933,S01KA02,atcprod-confirmed
1090623,R05CA03,atcprod-confirmed
668658,H02AB06,atcprod-confirmed
805661,N06BA13,atcprod-confirmed
310467,S01AA11,atcprod-confirmed
1996206,B03BB01,atcprod-confirmed
882550,D10AD01,atcprod-confirmed
701858,D10AX05,atcprod-confirmed
763116,N02BE01,atcprod-confirmed
308668,R02AD01,atcprod-confirmed
309696,H02AB02,atcprod-confirmed
198384,J04AM05,atcprod-confirmed
387090,N02BA01,atcprod-confirmed
629697,J01AA08,atcprod-confirmed
308914,A02AC01,atcprod-confirmed
2001430,J05AR11,atcprod-confirmed
1988772,L01ED04,atcprod-confirmed
309368,G01AF02,atcprod-confirmed
311447,B05BC01,atcprod-confirmed
198335,J01EE01,atcprod-confirmed
198380,G01AF08,atcprod-confirmed
997512,R01BA02,atcprod-confirmed
348987,V03AN04,atcprod-confirmed
898715,N02BF02,atcprod-confirmed
205534,D07AB08,atcprod-confirmed
995095,R05DA04,atcprod-confirmed
210117,A02AC01,atcprod-confirmed
210390,A07AA02,atcprod-confirmed
1101849,N01BX03,atcprod-confirmed
1000405,G03AC01,atcprod-confirmed
1014573,R01BA02,atcprod-confirmed
1041807,D08AX08,atcprod-confirmed
1012235,C05AA01,atcprod-promote-L4toL5
307650,J05AR04,atcprod-confirmed
1668250,B05XA19,atcprod-confirmed
1010673,N01BB02,atcprod-confirmed
199213,D01AE12,atcprod-confirmed
314088,A03BB03,atcprod-confirmed
208221,D04AB04,atcprod-confirmed
312973,B05XA02,atcprod-confirmed
82112,N06AX05,ingredient-level-kept
422998,D01AE12,atcprod-confirmed
1000153,L02AB02,atcprod-confirmed
1000976,D10AF06,atcprod-promote-L4toL5
1006683,D10AF06,atcprod-confirmed
1658091,L01FD03,atcprod-confirmed
860103,S01BC05,atcprod-confirmed
1739875,D04AB01,atcprod-confirmed
1043539,M02AB01,atcprod-promote-L4toL5
1039339,D08AX08,atcprod-confirmed
311368,J05AR10,atcprod-confirmed
2052609,L04AD02,atcprod-confirmed
402092,S01XA18,atcprod-confirmed
1101845,N01BX03,atcprod-confirmed
404032,D10AF01,atcprod-confirmed
616279,L01EX01,atcprod-confirmed
1000407,G03AC01,atcprod-confirmed
1860241,A12BA01,atcprod-confirmed
1867999,N01BB02,atcprod-confirmed
197572,D07AB08,atcprod-confirmed
1313785,S01XA21,atcprod-confirmed
1364392,D01AE12,atcprod-confirmed
1373130,D04AB01,atcprod-confirmed
1542929,G01AF04,atcprod-confirmed
1591995,D01AE12,atcprod-confirmed
1737758,C01BB01,atcprod-confirmed
1870676,J01GB03,atcprod-confirmed
1873995,L01EF02,atcprod-confirmed
1304971,R02AA06,atcprod-promote-L4toL5
1423967,R06AA04,atcprod-confirmed
1737757,C01BB01,atcprod-confirmed
1876355,D08AJ08,atcprod-confirmed
639888,J05AR03,atcprod-confirmed
731541,J01CE08,atcprod-confirmed
994528,M03BC01,atcprod-confirmed
310767,N05CA16,atcprod-confirmed
311369,J05AR10,atcprod-confirmed
198741,A12CC10,atcprod-confirmed
207850,S01AA12,atcprod-confirmed
2048979,V03AZ01,atcprod-confirmed
996288,N01BA05,atcprod-confirmed
904238,A12BA01,atcprod-confirmed
312398,C05AX06,atcprod-confirmed
643123,H02AB06,atcprod-confirmed
637197,M01AE01,atcprod-confirmed
795716,H02AB02,atcprod-confirmed
979316,R03AB03,atcprod-confirmed
1090641,D07AB09,atcprod-confirmed
1998482,H02AB02,atcprod-confirmed
2050977,D08AX08,atcprod-confirmed
636106,D03BA01,atcprod-promote-L4toL5
708076,N01BA05,atcprod-confirmed
313416,J01GB01,atcprod-confirmed
828585,N02AC04,atcprod-confirmed
2055815,J05AR24,atcprod-confirmed
352083,D05BA02,atcprod-confirmed
848208,D07AC01,atcprod-confirmed
854762,M01AE01,atcprod-confirmed
208416,J01EE01,atcprod-confirmed
210072,D01AE12,atcprod-confirmed
1098616,D04AB01,atcprod-confirmed
1117562,R01BA02,atcprod-confirmed
1190608,A03BA01,atcprod-confirmed
1193349,L01EJ01,atcprod-confirmed
1191683,H02AB06,atcprod-confirmed
477585,R05CA03,atcprod-confirmed
1010077,D04AB01,atcprod-confirmed
1039550,D04AB07,atcprod-confirmed
1052678,B01AC06,atcprod-confirmed
1663735,D08AX08,atcprod-confirmed
1665675,M01AB15,atcprod-confirmed
1000736,D10AF06,atcprod-promote-L4toL5
1010768,N01BB02,atcprod-confirmed
239200,J01BA01,atcprod-confirmed
1723740,R06AA02,atcprod-confirmed
199134,D01AE12,atcprod-confirmed
846101,D01AE12|J01AA02,atcprod-confirmed
1094355,R01BA02,atcprod-confirmed
1190620,A03BA01,atcprod-confirmed
859317,N02AJ23,atcprod-confirmed
1013930,C02AC01,atcprod-confirmed
1046781,R01BA03,atcprod-promote-L4toL5
1085736,D07AB09,atcprod-confirmed
1658264,B05XA05,atcprod-confirmed
1661560,J01GB01,atcprod-confirmed
1738589,H02AB09,atcprod-confirmed
1722245,G03AA05,atcprod-confirmed
1045382,M02AB01,atcprod-confirmed
1052679,R01BA03,atcprod-promote-L4toL5
1085752,H02AB08,atcprod-confirmed
1657751,L01FF02,atcprod-confirmed
310043,R03DA01,atcprod-confirmed
1992043,N01BA05,atcprod-confirmed
1006689,D10AF06,atcprod-confirmed
1747492,D04AB01,atcprod-confirmed
1804185,D04AB07,atcprod-promote-L4toL5
1807571,B05XA03,atcprod-confirmed
1858385,D04AB06,atcprod-confirmed
1867547,A12BA01,atcprod-confirmed
1251284,D04AB07,atcprod-confirmed
1299141,R01AA04,atcprod-confirmed
1369753,R01BA02,atcprod-confirmed
152997,A12BA01,atcprod-confirmed
1603470,D08AJ01,atcprod-confirmed
1797883,R01AC03,atcprod-confirmed
1807630,B05XA03,atcprod-confirmed
1242618,N02BE01,atcprod-confirmed
1356806,R05DA04,atcprod-confirmed
1361205,D04AB01,atcprod-confirmed
1373136,D04AB01,atcprod-confirmed
197639,R03DA01,atcprod-confirmed
197702,J02AX01,atcprod-confirmed
198203,J04AM02,atcprod-confirmed
1488045,D10AD01,atcprod-confirmed
1491722,C05AA01,atcprod-confirmed
1602019,C05AD01,atcprod-confirmed
1425118,L01EE01,atcprod-confirmed
1426579,R05CA03,atcprod-confirmed
1791404,B05BC01,atcprod-confirmed
1796087,D04AB01,atcprod-confirmed
1923484,B05XA02,atcprod-confirmed
1244634,D07AC01,atcprod-confirmed
1293634,D04AB07,atcprod-promote-L4toL5
1484737,A02AC01,atcprod-confirmed
1603361,L01XH03,atcprod-confirmed
1489405,M02AB01,atcprod-confirmed
731535,M01AE01,atcprod-confirmed
727759,N01AH01,atcprod-confirmed
995043,R05DA04,atcprod-confirmed
992792,G01AF04,atcprod-confirmed
308416,B01AC06,atcprod-confirmed
312058,A07AA02,atcprod-confirmed
1087365,G04BX12,atcprod-confirmed
1088126,S01GA02,atcprod-confirmed
314124,B05CA09,atcprod-promote-L4toL5
330396,A02BC02,atcprod-confirmed
358922,M02AB01,atcprod-confirmed
636109,D03BA01,atcprod-promote-L4toL5
672152,L01EH01,atcprod-confirmed
882533,G01AA10,atcprod-confirmed
198296,M01AB03,atcprod-confirmed
998437,D01AC02,atcprod-confirmed
1992300,S01ED01,atcprod-confirmed
1089775,R05CA03,atcprod-confirmed
827346,D07AA02,atcprod-confirmed
312124,G03AA05,atcprod-confirmed
1087798,D01AE12,atcprod-confirmed
1991329,C01CA24,atcprod-confirmed
1994392,N02BF02,atcprod-confirmed
311877,D06AX09,atcprod-confirmed
205712,H02AB02,atcprod-confirmed
211319,N01BA05,atcprod-confirmed
213694,J05AB01,atcprod-confirmed
215101,M01AE02,atcprod-confirmed
1094393,R06AA02,atcprod-confirmed
1100471,A11HA02,atcprod-confirmed
1095364,N01BA05,atcprod-confirmed
4511,B03BB01|V04CX02,ingredient-level-kept
1009241,B05XA02,atcprod-confirmed
1010844,C01BB01,atcprod-confirmed
1012238,D07XA01,atcprod-confirmed
102250,A07EA02,atcprod-confirmed
248280,N01BA05,atcprod-confirmed
1045335,N01BA05,atcprod-confirmed
238154,N02BE01,atcprod-confirmed
1663812,D08AX08,atcprod-confirmed
1043063,D07AA02,atcprod-confirmed
1722107,N01BA03,atcprod-promote-L4toL5
1723750,L01FE03,atcprod-confirmed
106248,D07AA02,atcprod-confirmed
311422,B05XA11,atcprod-confirmed
2052064,G03AC01,atcprod-confirmed
207125,J02AX01,atcprod-confirmed
804973,D10AF01,atcprod-confirmed
206905,M01AE01,atcprod-confirmed
208312,B05XA02,atcprod-confirmed
312004,C01DA02,atcprod-confirmed
2117659,D10AD01,atcprod-confirmed
859132,G04BE01,atcprod-confirmed
1014018,J01AA08,atcprod-confirmed
244323,R02AD01,atcprod-confirmed
859128,G04BE01,atcprod-confirmed
1053444,N01BA05,atcprod-confirmed
1050338,C02AC01,atcprod-confirmed
998428,D01AC02,atcprod-confirmed
1101339,N02BF01,atcprod-confirmed
476679,N02BF01,atcprod-confirmed
616283,L01EX01,atcprod-confirmed
1049898,D04AA32,atcprod-confirmed
1052610,D08AJ08,atcprod-confirmed
239984,L04AG01,atcprod-confirmed
1807549,B05XA03,atcprod-confirmed
1812079,H02AB02,atcprod-confirmed
1860132,A12BA01,atcprod-confirmed
1244638,N01AF01,atcprod-confirmed
1250980,D01AE04,atcprod-confirmed
1251334,G03AA05,atcprod-confirmed
1293648,N01BB02,atcprod-confirmed
197948,D05AD02,atcprod-confirmed
198207,N05CM05,atcprod-confirmed
1431682,D04AB01,atcprod-confirmed
1494174,D10AF06,atcprod-promote-L4toL5
1546217,R03AA01,atcprod-confirmed
1593156,B02BD14,atcprod-confirmed
1247453,S01JA01,atcprod-confirmed
1426293,D04AB04,atcprod-confirmed
1372490,D08AJ08,atcprod-confirmed
1294033,D04AB07,atcprod-promote-L4toL5
1425181,A02AC01,atcprod-confirmed
1488304,B02BD11,atcprod-confirmed
748987,G03AC01,atcprod-confirmed
884077,D07AA02,atcprod-confirmed
312056,A07AA02,atcprod-confirmed
903305,H03AA02,atcprod-confirmed
892798,N01BA05,atcprod-confirmed
308310,N02BE01,atcprod-confirmed
668350,D07AB08,atcprod-confirmed
763474,G04BE01,atcprod-confirmed
312010,C01DA02,atcprod-confirmed
728481,M02AB01,atcprod-confirmed
993770,N02AJ06,atcprod-confirmed
198297,M01AB03,atcprod-confirmed
349516,N02BA01,atcprod-confirmed
902515,D08AX08,atcprod-confirmed
198466,N02BA01,atcprod-confirmed
198230,J01EB02,atcprod-confirmed
198635,B03AA07,atcprod-confirmed
204474,C02DA01,atcprod-confirmed
205336,A01AB02,atcprod-confirmed
834156,D08AC02,atcprod-confirmed
848166,N02BA01,atcprod-confirmed
2108920,D04AB01,atcprod-confirmed
212240,D06AX05,atcprod-confirmed
212246,D04AB04,atcprod-confirmed
1149658,D08AG02,atcprod-confirmed
1234393,D07XA01,atcprod-confirmed
1234586,R01AA04,atcprod-confirmed
1014024,J01AA08,atcprod-confirmed
1037274,N02BE01,atcprod-confirmed
1085633,D07AB09,atcprod-confirmed
1654645,D08AX08,atcprod-confirmed
1661424,B05XA03,atcprod-confirmed
1721473,J01CA01,atcprod-confirmed
1039811,D08AX08,atcprod-confirmed
252592,N01BA03,atcprod-confirmed
371226,B05XA19,atcprod-confirmed
858726,D08AC02,atcprod-confirmed
476137,D08AJ08,atcprod-confirmed
476556,J05AR03,atcprod-confirmed
1011814,N01BB02,atcprod-confirmed
1043322,D09AA11,atcprod-confirmed
1006710,S01AB04,atcprod-confirmed
1039681,M02AB01,atcprod-confirmed
1737764,C01BB01,atcprod-confirmed
1049093,D08AJ08,atcprod-confirmed
244557,D04AB04,atcprod-confirmed
1665679,M01AB15,atcprod-confirmed
1006729,S01AB04,atcprod-confirmed
1037240,N02BE01,atcprod-confirmed
2179758,L01FD01,atcprod-confirmed
1000895,D10AF06,atcprod-promote-L4toL5
1659600,J01CR04,atcprod-confirmed
1737562,C01BB01,atcprod-confirmed
1793145,B02BC06,atcprod-confirmed
1807516,J01XA01,atcprod-confirmed
1809083,J01EE01,atcprod-confirmed
1235200,S01GA01,atcprod-confirmed
1243585,S01BC04,atcprod-confirmed
1486841,J05AJ01,atcprod-confirmed
1487770,D04AB01,atcprod-confirmed
1547775,S01HA03,atcprod-confirmed
1598322,V06DC01,atcprod-confirmed
1648997,D07AB09,atcprod-confirmed
1807518,J01XA01,atcprod-confirmed
1944704,L01FX02,atcprod-confirmed
1247251,D04AB07,atcprod-confirmed
1248360,R06AA02,atcprod-confirmed
1299021,R01BA02,atcprod-confirmed
1305268,C01CA24,atcprod-confirmed
1305603,R05CA03,atcprod-confirmed
1366736,D08AC02,atcprod-confirmed
1370758,D07AB02,atcprod-confirmed
1375960,V06DC01,atcprod-promote-L4toL5
1493160,D08AJ01,atcprod-confirmed
1537012,N02BA01,atcprod-confirmed
1790175,L01EX07,atcprod-confirmed
1942710,A01AB02,atcprod-confirmed
197583,H02AB02,atcprod-confirmed
1657192,L01FF01,atcprod-confirmed
1860466,A12BA01,atcprod-confirmed
1872088,N02BA01,atcprod-confirmed
1924315,J05AJ01,atcprod-confirmed
1298427,D11AX22,atcprod-confirmed
1300889,M02AB01,atcprod-promote-L4toL5
761361,D01AE12,atcprod-confirmed
96058,D08AF01,atcprod-confirmed
312556,G01AX11,atcprod-confirmed
309332,D10AF01,atcprod-confirmed
206352,D07AA02,atcprod-confirmed
998493,D01AC02,atcprod-confirmed
313450,D10AD01,atcprod-confirmed
309335,J01FF01,atcprod-confirmed
636141,A06AD17,atcprod-confirmed
991233,L01XF03,atcprod-confirmed
730063,S01KA02,atcprod-confirmed
991370,A02AC01,atcprod-confirmed
308985,J01CA03,atcprod-confirmed
314113,A12CC10,atcprod-confirmed
806573,L01FD01,atcprod-confirmed
883806,R03AA01,atcprod-confirmed
312507,A12BA01,atcprod-confirmed
629695,J01AA08,atcprod-confirmed
308508,S01AA32,atcprod-confirmed
308891,A02AC01,atcprod-confirmed
1992305,S01ED01,atcprod-confirmed
1996193,N02AE01,atcprod-confirmed
308892,A02AC01,atcprod-confirmed
723739,A12CC10,atcprod-confirmed
867506,L01EX03,atcprod-confirmed
992816,G01AF04,atcprod-confirmed
203457,R06AA02|D04AA32,atcprod-confirmed
2054157,L01EX08,atcprod-confirmed
206349,D07AA02,atcprod-confirmed
847745,J05AR10,atcprod-confirmed
1147327,L01FX05,atcprod-confirmed
1190919,J07AM01,atcprod-confirmed
410226,N02BE01,atcprod-confirmed
584513,D07AB08,atcprod-confirmed
616480,N01BX03,atcprod-confirmed
858062,J01AA08,atcprod-confirmed
1000133,L02AB02,atcprod-confirmed
1010057,D04AB01,atcprod-confirmed
1046602,R01AA08,atcprod-confirmed
1085666,H02AB08,atcprod-confirmed
1110806,D07AB09,atcprod-confirmed
1012221,C05AA01,atcprod-promote-L4toL5
1037117,D04AB04,atcprod-confirmed
313884,A02AC01,atcprod-confirmed
314122,C01DA02,atcprod-confirmed
207086,A03BB03,atcprod-confirmed
213626,D06AX05,atcprod-confirmed
1147337,J05AR08,atcprod-confirmed
832731,A12BA01,atcprod-confirmed
343033,H02AB02,atcprod-confirmed
2109512,D04AB07,atcprod-confirmed
213372,D10AX02,atcprod-confirmed
562592,S01FB01,atcprod-confirmed
1012100,D04AB01,atcprod-confirmed
1049880,D04AA32,atcprod-confirmed
106303,D10AD01,atcprod-confirmed
1085686,D07AB09,atcprod-confirmed
252203,A02AD03,atcprod-confirmed
1733870,D04AB06,atcprod-confirmed
1742420,N01BA05,atcprod-confirmed
1747294,M01AE01,atcprod-confirmed
417424,D01AE12,atcprod-confirmed
1115013,N02BF01,atcprod-confirmed
1658048,L04AG12,atcprod-confirmed
1098199,D08AJ01,atcprod-confirmed
1994320,N02BA03,atcprod-confirmed
1111339,S01GX09,atcprod-confirmed
1190764,A03BA01,atcprod-confirmed
237511,B05XA18,atcprod-confirmed
1000720,D10AF06,atcprod-promote-L4toL5
238910,N01BA05,atcprod-confirmed
1798453,N02BE01,atcprod-confirmed
1807646,B05XA03,atcprod-confirmed
1871453,D04AB01,atcprod-confirmed
1294201,R01BA02,atcprod-confirmed
1369775,R01BA03,atcprod-promote-L4toL5
1494824,D10AF06,atcprod-promote-L4toL5
1789947,A03AD01,atcprod-confirmed
1797867,R01AC03,atcprod-confirmed
1919516,L01FF03,atcprod-confirmed
1926470,D06AA04,atcprod-confirmed
197580,H02AB02,atcprod-confirmed
1918214,D08AC02,atcprod-confirmed
1251365,A02AD03,atcprod-confirmed
1294394,N02CA02,atcprod-confirmed
1356799,R05DA04,atcprod-confirmed
1367420,B02BD30,atcprod-confirmed
197724,M01AE09,atcprod-confirmed
1534792,D04AB01,atcprod-confirmed
1918242,L01XK02,atcprod-confirmed
1923327,M02AB01,atcprod-confirmed
1293637,D04AB07,atcprod-promote-L4toL5
1482821,N02BF01,atcprod-confirmed
883808,D01AE12,atcprod-confirmed
902574,D08AX08,atcprod-confirmed
995067,R05DA04,atcprod-confirmed
309337,G01AA10,atcprod-confirmed
993837,N02AJ06,atcprod-confirmed
994289,R05DA04,atcprod-confirmed
311906,A14AB01,atcprod-confirmed
1087367,G04BX12,atcprod-confirmed
351973,N02BF01,atcprod-confirmed
701919,D06BX01,atcprod-confirmed
637077,D08AX08,atcprod-confirmed
707677,B05CB01,atcprod-confirmed
311207,P02CF01,atcprod-confirmed
205074,A02AC01,atcprod-confirmed
998704,A02AC01,atcprod-confirmed
2003712,D08AX08,atcprod-confirmed
310665,C02CC02,atcprod-confirmed
1090743,R01BA02,atcprod-confirmed
2043464,J05AR11,atcprod-confirmed
744846,J05AJ01,atcprod-confirmed
199308,D01AE12,atcprod-confirmed
313137,J01EE01,atcprod-confirmed
313941,D01AE14,atcprod-confirmed
1994395,N02BF02,atcprod-confirmed
824574,R02AD01,atcprod-confirmed
313407,S01ED01,atcprod-confirmed
836397,N02AJ13,atcprod-confirmed
210325,A07AA02,atcprod-confirmed
1193341,L01EJ01,atcprod-confirmed
1234549,D04AB07,atcprod-promote-L4toL5
597730,J05AR10,atcprod-confirmed
608844,D01AC08,atcprod-confirmed
1000981,S01GA04,atcprod-confirmed
1010751,N01BB02,atcprod-confirmed
1037273,N02BE01,atcprod-confirmed
1049182,R01BA03,atcprod-confirmed
238754,H02AB09,atcprod-confirmed
1659927,L01XJ02,atcprod-confirmed
1661427,B05XA03,atcprod-confirmed
1666374,C01CA06,atcprod-confirmed
1010745,N01BB02,atcprod-confirmed
240093,N02BE01,atcprod-confirmed
252965,D08AG02,atcprod-confirmed
318202,D10AF02,atcprod-confirmed
853499,N02BA01,atcprod-confirmed
2122526,J05AR25,atcprod-confirmed
2197238,N01BA05,atcprod-confirmed
1090699,R01BA02,atcprod-confirmed
309286,B06AA04,atcprod-confirmed
1088255,L01EB02,atcprod-confirmed
2121061,L01ED02,atcprod-confirmed
1101840,N01BX03,atcprod-confirmed
1114074,L01EX04,atcprod-confirmed
860092,M01AB15,atcprod-confirmed
1038791,D08AJ01,atcprod-confirmed
1039942,D08AX08,atcprod-confirmed
242446,S02AA16,atcprod-confirmed
245249,D01BA01,atcprod-confirmed
1720002,C05AX06,atcprod-promote-L4toL5
1737636,C01BB01,atcprod-confirmed
603208,L01EB02,atcprod-confirmed
243587,D04AB04,atcprod-confirmed
1720258,B03BB01,atcprod-confirmed
1721571,L01EB04,atcprod-confirmed
1745438,C05AD01,atcprod-promote-L4toL5
1788839,D08AX08,atcprod-confirmed
1994362,L01EL01,atcprod-confirmed
805663,N06BA13,atcprod-confirmed
1111343,S01GX09,atcprod-confirmed
1006120,S01AB04,atcprod-confirmed
1747697,J05AR17,atcprod-confirmed
1801298,A12BA01,atcprod-confirmed
1807513,J01XA01,atcprod-confirmed
1790877,B03BB01,atcprod-confirmed
1807636,B05XA03,atcprod-confirmed
1860139,A12BA01,atcprod-confirmed
1868494,C01DA02,atcprod-confirmed
1869797,D04AB01,atcprod-confirmed
1921589,L01XK03,atcprod-confirmed
1939340,D04AB01,atcprod-confirmed
1242123,R02AA19,atcprod-confirmed
1251355,A02AD03,atcprod-confirmed
1314768,J01GB01,atcprod-confirmed
1366794,C05AD01,atcprod-confirmed
1373142,D04AB01,atcprod-confirmed
1373137,D04AB01,atcprod-confirmed
1947133,H02AB08,atcprod-confirmed
1427002,D04AB01,atcprod-confirmed
1552226,D04AB04,atcprod-confirmed
1366116,D06AX05,atcprod-confirmed
198204,N02BE01,atcprod-confirmed
1652093,R05DA04,atcprod-confirmed
1604323,D08AJ01,atcprod-confirmed
1597267,L01FX07,atcprod-confirmed
1542803,N01BA05,atcprod-confirmed
672601,N02BE01,atcprod-confirmed
645146,D11AX01,atcprod-confirmed
668579,L01XH01,atcprod-confirmed
756245,N02BE01,atcprod-confirmed
200141,V06DC01,atcprod-confirmed
312539,R05CA02,atcprod-confirmed
312515,A12BA01,atcprod-confirmed
2058529,J01AA08,atcprod-confirmed
977836,G03AC01,atcprod-confirmed
308715,D07XC01,atcprod-confirmed
882548,D10AD01,atcprod-confirmed
797022,H02AB02,atcprod-confirmed
995064,R05DA04,atcprod-confirmed
311364,J01MA07,atcprod-confirmed
312570,S01AX18,atcprod-confirmed
198473,N02BA01,atcprod-confirmed
198268,P02CA02,atcprod-confirmed
2003123,R05CA03,atcprod-confirmed
748977,G03AC01,atcprod-confirmed
314108,J01AA08,atcprod-confirmed
827757,R05CA03,atcprod-confirmed
211747,D08AG02,atcprod-confirmed
212567,D07AA02,atcprod-confirmed
2168270,N01AH01,atcprod-confirmed
2183700,R01BA02,atcprod-confirmed
1099719,R01BA02,atcprod-confirmed
210073,D01AE12,atcprod-confirmed
213109,M02AB01,atcprod-confirmed
1190817,S01FA01,atcprod-confirmed
1000126,L02AB02,atcprod-confirmed
245248,D01BA01,atcprod-confirmed
213499,A01AB02,atcprod-confirmed
1046529,D08AJ01,atcprod-confirmed
1049568,D08AX08,atcprod-confirmed
1049882,D04AA32,atcprod-confirmed
828367,C05AD07,atcprod-confirmed
2169362,L01FD01,atcprod-confirmed
313322,P02CA02,atcprod-confirmed
834206,D08AC02,atcprod-confirmed
857366,D01AC03,atcprod-confirmed
208334,D10AD01,atcprod-confirmed
1095271,A01AB02,atcprod-confirmed
248341,D04AB04,atcprod-confirmed
1667909,C01CA02,atcprod-confirmed
1116155,D04AB07,atcprod-confirmed
1006688,D10AF06,atcprod-confirmed
1048336,G04BX12,atcprod-confirmed
5640,C01EB16|G02CC01|M01AE01|M02AA13|R02AX02,ingredient-level-kept
1011093,C01BB01,atcprod-confirmed
1047795,G04BX12,atcprod-confirmed
1052767,R01BA03,atcprod-confirmed
1737345,C01BB01,atcprod-confirmed
1092422,R06AA02,atcprod-confirmed
237210,A03AD01,atcprod-confirmed
208330,D10AD01,atcprod-confirmed
604020,S01AD09,atcprod-confirmed
1006693,D10AF06,atcprod-confirmed
1668248,B05XA19,atcprod-confirmed
1005856,D10AF06,atcprod-promote-L4toL5
240984,J01CR04,atcprod-confirmed
1807511,J01XA01,atcprod-confirmed
1807551,B05XA03,atcprod-confirmed
1868486,B05XA02,atcprod-confirmed
1873993,L01EF02,atcprod-confirmed
1245230,D08AC02,atcprod-confirmed
1541630,R05DA04,atcprod-confirmed
1247445,S01JA01,atcprod-confirmed
1294026,D04AB07,atcprod-confirmed
1294024,D07XA01,atcprod-confirmed
1369971,R05DB10,atcprod-confirmed
1437295,D01AE04,atcprod-confirmed
197404,A11CA02,atcprod-confirmed
1366495,R06AE04,atcprod-confirmed
1543162,D04AB06,atcprod-confirmed
1604384,L01EX08,atcprod-confirmed
1606483,C05AA01,atcprod-promote-L4toL5
1430453,L01EB03,atcprod-confirmed
1494826,D10AF06,atcprod-promote-L4toL5
1595989,N01BB02,atcprod-confirmed
646333,M02AB01,atcprod-confirmed
724861,N06BA13,atcprod-confirmed
899217,D08AC02,atcprod-confirmed
992765,G01AF04,atcprod-confirmed
759696,H02AB02,atcprod-confirmed
308513,D06AX05,atcprod-confirmed
808062,N01BA05,atcprod-confirmed
664961,D01AC08,atcprod-confirmed
635970,B03AA07,atcprod-confirmed
646456,D01AA01,atcprod-confirmed
790884,D01AE12,atcprod-confirmed
1088253,L01EB02,atcprod-confirmed
348624,V03AN04,atcprod-confirmed
310127,S01EA01,atcprod-confirmed
205906,D01BA01,atcprod-confirmed
343002,G03CA07,atcprod-confirmed
345131,S01BA04,atcprod-confirmed
727988,N01BA05,atcprod-confirmed
310323,B03AA07,atcprod-confirmed
901038,D10AF06,atcprod-confirmed
994226,M03BA02,atcprod-confirmed
2049890,J01XA01,atcprod-confirmed
2055315,D01AE12,atcprod-confirmed
315045,B06AA04,atcprod-confirmed
827751,N02AC04,atcprod-confirmed
1101754,N02BE01,atcprod-confirmed
1115894,D10AF06,atcprod-promote-L4toL5
584414,D01AA01,atcprod-confirmed
1000091,D04AX01,atcprod-confirmed
1000859,D10AF06,atcprod-promote-L4toL5
212086,N02BA01,atcprod-confirmed
1189623,D04AB01,atcprod-confirmed
616762,D08AX08,atcprod-confirmed
860114,M01AB15,atcprod-confirmed
805659,N06BA13,atcprod-confirmed
829734,B05XA05,atcprod-confirmed
359050,D10AD01,atcprod-confirmed
834162,D08AC02,atcprod-confirmed
848200,D07AC01,atcprod-confirmed
857416,R06AA04,atcprod-confirmed
208331,D10AD01,atcprod-confirmed
317161,D04AB06,atcprod-confirmed
1112250,R01BA02,atcprod-confirmed
1234579,S01FB01,atcprod-confirmed
413424,B05XA02,atcprod-confirmed
1012955,D04AB01,atcprod-confirmed
103568,D01AE12,atcprod-confirmed
1049254,D08AJ01,atcprod-confirmed
1049909,R06AA02,atcprod-confirmed
238850,D08AG02,atcprod-confirmed
562444,M02AB01,atcprod-confirmed
483446,N02BF02,atcprod-confirmed
1047479,P02CF01,atcprod-confirmed
1734932,J05AB01,atcprod-confirmed
1039541,D04AB07,atcprod-confirmed
1737567,C01BB01,atcprod-confirmed
1738574,D07XA01,atcprod-confirmed
1791408,B05BC01,atcprod-confirmed
1094451,R06AA02,atcprod-confirmed
607024,N02BF02,atcprod-confirmed
1798481,D04AB07,atcprod-promote-L4toL5
1797851,R01AC01,atcprod-confirmed
1812262,D08AX08,atcprod-confirmed
1868482,B05XA02,atcprod-confirmed
1369424,R05DB10,atcprod-confirmed
1441112,D01AE12,atcprod-confirmed
1796079,J05AJ03,atcprod-confirmed
1811470,D04AB01,atcprod-confirmed
1812095,H02AB02,atcprod-confirmed
1867993,N01BB02,atcprod-confirmed
1941489,J01AA08,atcprod-confirmed
1242399,R01BA02,atcprod-confirmed
1495092,G03AC01,atcprod-confirmed
1547926,S01FB01,atcprod-confirmed
1549386,R01AA04,atcprod-confirmed
1544717,D04AB07,atcprod-confirmed
197530,G01AF02,atcprod-confirmed
1242406,R01BA02,atcprod-confirmed
1536833,N02BA01,atcprod-confirmed
1539808,D01AE12,atcprod-confirmed
1600710,J05AR14,atcprod-confirmed
1923429,S01ED01,atcprod-confirmed
1248356,R06AA02,atcprod-confirmed
1302737,D08AJ08,atcprod-confirmed
1489932,N02BA04,atcprod-confirmed
1433879,J05AJ03,atcprod-confirmed
623677,J01CE08,atcprod-confirmed
701913,N02BE01,atcprod-confirmed
643125,H02AB06,atcprod-confirmed
993890,N02AJ06,atcprod-confirmed
198912,A12CB01,atcprod-confirmed
759717,C05AA01,atcprod-confirmed
885580,B03AA07,atcprod-confirmed
795067,D07AA02,atcprod-confirmed
994404,R05DA04,atcprod-confirmed
312216,A03AD01,atcprod-confirmed
731536,M01AE01,atcprod-confirmed
308297,N02BE01,atcprod-confirmed
312541,R05CA02,atcprod-confirmed
198467,N02BA01,atcprod-confirmed
311680,D06BX01,atcprod-confirmed
203088,D01AC08,atcprod-confirmed
2048259,D08AJ01,atcprod-confirmed
702354,D11AX01,atcprod-confirmed
793099,H02AB06,atcprod-confirmed
797811,D08AX01,atcprod-confirmed
205669,S01BA01,atcprod-confirmed
2057666,D08AJ01,atcprod-confirmed
833507,D07AA02,atcprod-confirmed
885880,C02AC01,atcprod-confirmed
727347,C01CA24,atcprod-confirmed
313975,D11AX16,atcprod-confirmed
198295,M01AB03,atcprod-confirmed
999604,D10AF06,atcprod-promote-L4toL5
317106,B03BA03,atcprod-confirmed
351349,D07AA02,atcprod-confirmed
834152,D08AC02,atcprod-confirmed
853501,N02BA01,atcprod-confirmed
208327,D10AD01,atcprod-confirmed
211904,A11CA02,atcprod-confirmed
349482,N07XX04,atcprod-confirmed
212836,D01AE12,atcprod-confirmed
1190916,J07AM01,atcprod-confirmed
1011809,N01BB02,atcprod-confirmed
1039273,D07AA02,atcprod-confirmed
1052526,D08AX08,atcprod-confirmed
1053192,D08AJ01,atcprod-confirmed
1234238,G04BE01,atcprod-confirmed
1014580,R01BA02,atcprod-confirmed
1658663,M02AB01,atcprod-promote-L4toL5
804754,M02AB01,atcprod-confirmed
404285,D07AA02,atcprod-confirmed
209971,N01BA03,atcprod-promote-L4toL5
858372,J01AA08,atcprod-confirmed
2101531,M02AB01,atcprod-promote-L4toL5
1020477,R06AA02,atcprod-confirmed
584534,S01AA17,atcprod-confirmed
607295,D10AX05,atcprod-confirmed
1041849,D08AX08,atcprod-confirmed
1657007,L01FX04,atcprod-confirmed
1807578,B05XA03,atcprod-confirmed
1860463,A12BA01,atcprod-confirmed
1867998,N01BB02,atcprod-confirmed
1869279,V03AZ01,atcprod-confirmed
1862595,L01XK03,atcprod-confirmed
1246076,D04AB07,atcprod-confirmed
1297832,N01BA05,atcprod-confirmed
1374383,D04AB01,atcprod-confirmed
1440003,R05DA04,atcprod-confirmed
1487076,M02AA15,atcprod-confirmed
1494173,D10AF06,atcprod-promote-L4toL5
1535143,V06DC01,atcprod-confirmed
1536604,G01AF04,atcprod-confirmed
1542380,D10AF06,atcprod-confirmed
1942189,N01BA05,atcprod-confirmed
1245378,N01BA05,atcprod-confirmed
1245168,A06AD19,atcprod-confirmed
1243771,B02BD30,atcprod-confirmed
1309062,R05CA03,atcprod-confirmed
1430050,D01AE04,atcprod-confirmed
197947,D05BA02,atcprod-confirmed
198158,N01BA02,atcprod-confirmed
1484488,M02AB01,atcprod-promote-L4toL5
1601386,L01EF01,atcprod-confirmed
1537948,D11AX01,atcprod-confirmed
1549867,D08AJ01,atcprod-confirmed
1598073,D11AX22,atcprod-confirmed
1439918,D01AE12,atcprod-confirmed
728550,D01AC08,atcprod-confirmed
730781,B05XA03,atcprod-confirmed
311448,B05BC01,atcprod-confirmed
1991422,N01BA05,atcprod-confirmed
884173,C02AC01,atcprod-confirmed
1090087,R01BA03,atcprod-confirmed
828379,C10AB05,atcprod-confirmed
310868,C05AA01,atcprod-confirmed
2002008,D04AB01,atcprod-confirmed
204509,J01XB02,atcprod-confirmed
723533,N02BE01,atcprod-confirmed
628958,A12BA01,atcprod-confirmed
310432,N02BF01,atcprod-confirmed
311928,D06AX04,atcprod-confirmed
992784,G01AF04,atcprod-confirmed
206331,D07AA02,atcprod-confirmed
308704,A11CA02,atcprod-confirmed
375983,J01XA01,atcprod-confirmed
198420,J01EB05,atcprod-confirmed
994530,M03BC01,atcprod-confirmed
997964,D01AE12,atcprod-confirmed
213194,J01GB01,atcprod-confirmed
578806,H02AB01,atcprod-confirmed
562359,G04BX13,atcprod-confirmed
1000093,D04AX01,atcprod-confirmed
1014583,R01BA02,atcprod-confirmed
1049123,D04AB07,atcprod-confirmed
1050080,D04AA32,atcprod-confirmed
240571,D07AC01,atcprod-confirmed
1005767,D10AF06,atcprod-promote-L4toL5
1012066,N01BB02,atcprod-confirmed
1048124,R01BA02,atcprod-confirmed
1661176,G01AF08,atcprod-confirmed
1000158,L02AB02,atcprod-confirmed
992735,A03BB06,atcprod-confirmed
206537,B05BC01,atcprod-confirmed
374862,R02AD01,atcprod-confirmed
351894,D07AC01,atcprod-confirmed
360347,D04AB04,atcprod-confirmed
828594,N02AC04,atcprod-confirmed
1190587,R05DA04,atcprod-confirmed
483444,N02BF02,atcprod-confirmed
543789,N01BA03,atcprod-promote-L4toL5
603011,A06AD17,atcprod-confirmed
1011849,D04AB01,atcprod-confirmed
1039012,D08AJ01,atcprod-confirmed
1045432,D04AB01,atcprod-confirmed
1046310,D08AJ01,atcprod-confirmed
244492,D07AA02,atcprod-confirmed
1657777,L01FG02,atcprod-confirmed
1665370,D08AX08,atcprod-confirmed
1726119,L01FX08,atcprod-confirmed
1738596,H02AB09,atcprod-confirmed
1000731,D10AF06,atcprod-promote-L4toL5
859315,N02AJ23,atcprod-confirmed
1048069,N01BA05,atcprod-confirmed
1053138,D04AA32,atcprod-promote-L4toL5
1737762,C01BB01,atcprod-confirmed
1744007,J05AR03,atcprod-confirmed
1797902,R01AD01,atcprod-confirmed
199078,M02AB01,atcprod-confirmed
1006105,D10AF06,atcprod-promote-L4toL5
1872972,D04AB01,atcprod-confirmed
1945074,D11AX05,atcprod-confirmed
1291367,G04BE10,atcprod-confirmed
1300277,D08AG02,atcprod-confirmed
1356071,D04AB01,atcprod-confirmed
1425866,D01AC02,atcprod-confirmed
1435578,P02CF01,atcprod-confirmed
1440875,G04BX12,atcprod-confirmed
1537947,D11AX01,atcprod-confirmed
1549388,R01AA04,atcprod-confirmed
1544471,L01EM01,atcprod-confirmed
1870232,C01CA24,atcprod-confirmed
1242391,R01BA02,atcprod-confirmed
1299145,R01BA03,atcprod-confirmed
1423494,D01AE12,atcprod-confirmed
197805,M01AE01,atcprod-confirmed
1251323,G03AA05,atcprod-confirmed
1302666,J01AA08,atcprod-confirmed
1303110,D09AA11,atcprod-confirmed
1376336,S01BA04,atcprod-confirmed
1437774,R06AA02,atcprod-confirmed
1483629,D01AE12,atcprod-confirmed
1494169,D10AF06,atcprod-promote-L4toL5
1593765,N02BE01,atcprod-confirmed
198042,G03AC01,atcprod-confirmed
1248193,D04AB07,atcprod-promote-L4toL5
1595624,D04AB01,atcprod-confirmed
1552450,M02AB01,atcprod-promote-L4toL5
1367206,R05CA03,atcprod-confirmed
792242,M01AE01,atcprod-confirmed
904617,D02AE01|D10AF06,atcprod-promote-L4toL5
864089,C05AX06,atcprod-confirmed
1087047,R01AA04,atcprod-confirmed
403888,A12BA01,atcprod-confirmed
308417,N02BA01,atcprod-confirmed
313451,D10AD01,atcprod-confirmed
744842,J05AJ01,atcprod-confirmed
313415,S01AA12,atcprod-confirmed
313505,R06AC04,atcprod-confirmed
310149,S01AA17,atcprod-confirmed
998706,N02BE01,atcprod-confirmed
998677,C02AC01,atcprod-confirmed
317127,J01AA08,atcprod-confirmed
830761,D07AA02,atcprod-confirmed
884221,N02CX02,atcprod-confirmed
206536,B05BC01,atcprod-confirmed
849580,J01EE01,atcprod-confirmed
854187,M01AE01,atcprod-confirmed
2168097,H02AB08,atcprod-confirmed
1092424,R06AA02,atcprod-confirmed
2166094,D05AX05,atcprod-confirmed
1233662,R06AA02,atcprod-confirmed
422997,D01AE12,atcprod-confirmed
604449,D07AA02,atcprod-confirmed
605730,D06BX01,atcprod-confirmed
1012019,N01BB02,atcprod-confirmed
1038561,D09AA11,atcprod-confirmed
248108,J05AB01,atcprod-confirmed
1659598,J01CR04,atcprod-confirmed
562379,S01BA04,atcprod-confirmed
1052760,A06AD19,atcprod-confirmed
861420,S01ED01,atcprod-confirmed
202433,N02BE01,atcprod-confirmed
313812,J05AB01,atcprod-confirmed
349472,L01EB01,atcprod-confirmed
855633,M02AA15,atcprod-confirmed
856886,N01BA05,atcprod-confirmed
1049250,D08AJ01,atcprod-confirmed
1053207,D08AJ08,atcprod-confirmed
1657703,L01FE02,atcprod-confirmed
1039465,D08AX08,atcprod-confirmed
1721475,J01CA01,atcprod-confirmed
1731737,D08AJ01,atcprod-confirmed
1744001,J05AR03,atcprod-confirmed
1797857,M01AB15,atcprod-confirmed
1801299,A12BA01,atcprod-confirmed
1804176,D04AB01,atcprod-confirmed
2049891,J01XA01,atcprod-confirmed
577127,N02BF02,atcprod-confirmed
1739221,D01AE15,atcprod-confirmed
1790171,L01EX07,atcprod-confirmed
1796665,L01EX08,atcprod-confirmed
1868029,N01BB02,atcprod-confirmed
1243587,S01BC04,atcprod-confirmed
1243889,D08AJ08,atcprod-confirmed
1246113,N01BB02,atcprod-confirmed
1248354,R06AA02,atcprod-confirmed
1250563,D01AE04,atcprod-confirmed
1358869,A02AC01,atcprod-confirmed
1439778,D08AJ01,atcprod-confirmed
1807627,B05XA03,atcprod-confirmed
1357402,R05DA04,atcprod-confirmed
142001,S01KA02,atcprod-confirmed
1422896,G03AC01,atcprod-confirmed
197964,V03AB17,atcprod-confirmed
1494601,D04AB01,atcprod-confirmed
1372896,D04AB01,atcprod-confirmed
1544475,L01EM01,atcprod-confirmed
1606988,D04AB01,atcprod-confirmed
1926450,D08AJ01,atcprod-confirmed
197435,B05XA19,atcprod-confirmed
1605852,D10AF06,atcprod-promote-L4toL5
1243010,L01EK01,atcprod-confirmed
643070,J05AR06,atcprod-confirmed
731531,M01AE01,atcprod-confirmed
903283,H03AA02,atcprod-confirmed
730782,B05XA03,atcprod-confirmed
199603,G01AF02,atcprod-confirmed
2048982,V03AZ01,atcprod-confirmed
669081,D07AB08,atcprod-confirmed
759481,H02AB02,atcprod-confirmed
998681,C02AC01,atcprod-confirmed
206212,D10AF02,atcprod-confirmed
623695,J01CE08,atcprod-confirmed
308663,N01BA05,atcprod-confirmed
313453,D10AD01,atcprod-confirmed
198496,N01BA05,atcprod-confirmed
313414,S01AA12,atcprod-confirmed
1093102,R06AA02,atcprod-confirmed
211731,G01AX11,atcprod-confirmed
1095485,D08AJ01,atcprod-confirmed
1144131,R02AD01,atcprod-confirmed
1148398,D06BX01,atcprod-confirmed
545236,S01AA11,atcprod-confirmed
562600,D01AE12,atcprod-confirmed
1048340,G04BX12,atcprod-confirmed
1052949,D08AJ01,atcprod-confirmed
1112260,R01BA02,atcprod-confirmed
1116927,H02AB02,atcprod-confirmed
404640,A03BB03,atcprod-confirmed
562785,N01BA05,atcprod-confirmed
238153,N02BE01,atcprod-confirmed
1659445,D07AA02,atcprod-confirmed
1110712,N01BA05,atcprod-confirmed
311452,B05BC01,atcprod-confirmed
1088251,L01EB02,atcprod-confirmed
836307,J01CE08,atcprod-confirmed
828373,C10AB05,atcprod-confirmed
211365,D08AC02,atcprod-confirmed
998544,G01AF04,atcprod-confirmed
314121,C01DA02,atcprod-confirmed
1111345,S01GX09,atcprod-confirmed
1148502,L01ED01,atcprod-confirmed
1111095,R06AA02,atcprod-confirmed
1037236,J01XX05,atcprod-confirmed
1038855,D08AJ01,atcprod-confirmed
1736654,G03AA05,atcprod-confirmed
1001004,N07AX01,atcprod-confirmed
483450,N02BF02,atcprod-confirmed
251267,G01AF02,atcprod-confirmed
1744009,J05AR03,atcprod-confirmed
311429,A12CC10,atcprod-confirmed
825180,B01AC06,atcprod-confirmed
2179763,L01FD01,atcprod-confirmed
1000713,D10AF06,atcprod-confirmed
1807634,B05XA03,atcprod-confirmed
1726115,L01FX08,atcprod-confirmed
1657781,L01FG02,atcprod-confirmed
1919073,R06AA02,atcprod-confirmed
1241829,R01BA03,atcprod-promote-L4toL5
1243480,G01AC30,atcprod-promote-L4toL5
1371298,N01BA05,atcprod-confirmed
197785,D07AA02,atcprod-confirmed
1441740,G03CC07,atcprod-confirmed
1543158,D04AB06,atcprod-confirmed
1425407,D08AX08,atcprod-confirmed
1927693,G03XX01,atcprod-confirmed
1422107,C05AD01,atcprod-confirmed
1425554,D01AE12,atcprod-confirmed
197853,H02CA03,atcprod-confirmed
1547668,R03BA09,atcprod-confirmed
1425230,L01EC02,atcprod-confirmed
1432487,D04AB01,atcprod-confirmed
1591934,N02BE01,atcprod-confirmed
1593744,B03BB01,atcprod-confirmed
1596030,J01GB01,atcprod-confirmed
1313969,R01BA03,atcprod-promote-L4toL5
1601390,L01EF01,atcprod-confirmed
670031,A12BA01,atcprod-confirmed
798133,D10AF02,atcprod-confirmed
199071,N01BA05,atcprod-confirmed
313551,D01AE04,atcprod-confirmed
990982,V03AB19,atcprod-confirmed
846161,D07AA02,atcprod-confirmed
1087774,D01AE12,atcprod-confirmed
636230,N07BA03,atcprod-confirmed
702249,B03AA07,atcprod-confirmed
992771,G01AF04,atcprod-confirmed
310519,V06DC01,atcprod-confirmed
310879,C05AA01,atcprod-confirmed
1087043,R01AA04,atcprod-confirmed
2000019,L01EL01,atcprod-confirmed
310430,N02BF01,atcprod-confirmed
730024,M02AB01,atcprod-confirmed
2043465,G03AC01,atcprod-confirmed
2050067,D01AE12,atcprod-confirmed
995110,R05DA04,atcprod-confirmed
855642,M02AA15,atcprod-confirmed
211813,D04AB06,atcprod-confirmed
213182,D06AX09,atcprod-confirmed
1232653,C01CA06,atcprod-confirmed
616289,L01EX01,atcprod-confirmed
1038982,D01AE12,atcprod-confirmed
1042644,D08AX08,atcprod-confirmed
1043074,D07AA02,atcprod-confirmed
1052947,D08AJ01,atcprod-confirmed
1053241,N01BA05,atcprod-confirmed
260312,C05AA01,atcprod-confirmed
1666549,A06AD04,atcprod-confirmed
1085921,D08AJ08,atcprod-confirmed
1659175,R01BA03,atcprod-promote-L4toL5
1992299,S01ED01,atcprod-confirmed
806606,N01BA05,atcprod-confirmed
805372,D10AD01,atcprod-confirmed
1090996,G03AA05,atcprod-confirmed
1234578,R01AA04,atcprod-confirmed
860105,S01BC05,atcprod-confirmed
860113,M01AB15,atcprod-confirmed
1046281,D01AE12,atcprod-confirmed
1085754,H02AB08,atcprod-confirmed
1012204,D04AB01,atcprod-confirmed
213120,D06BX01,atcprod-confirmed
1737563,C01BB01,atcprod-confirmed
2186092,D08AC02,atcprod-confirmed
403818,S01AE07,atcprod-confirmed
2178792,C01CA24,atcprod-confirmed
607020,N02BF02,atcprod-confirmed
1043348,D08AJ08,atcprod-confirmed
1737569,C01BB01,atcprod-confirmed
1737852,V03AB17,atcprod-confirmed
1873991,L01EF02,atcprod-confirmed
1302195,A12BA01,atcprod-confirmed
1423814,R05CA02,atcprod-confirmed
1547660,R03BA09,atcprod-confirmed
1294592,D04AA32,atcprod-promote-L4toL5
1422546,C05AD01,atcprod-confirmed
1435495,R02AD01,atcprod-confirmed
197408,D07AC01,atcprod-confirmed
1491009,N01BA05,atcprod-confirmed
197579,H02AB02,atcprod-confirmed
1251571,D01AE12,atcprod-confirmed
1251574,D01AE12,atcprod-confirmed
1597298,N02BE01,atcprod-confirmed
1430449,L01EB03,atcprod-confirmed
1600130,D04AB01,atcprod-confirmed
1370826,D08AJ08,atcprod-confirmed
1652104,C05AD01,atcprod-confirmed
1648584,N02BE01,atcprod-confirmed
10635,A10BB03|V04CA01,ingredient-level-kept
1091836,D05AX06|R03DX07,ingredient-level-kept
1232150,L01XX44|S01LA05,ingredient-level-kept
1304475,L01XX44,ingredient-level-kept
141704,L01EG02|L04AH02,ingredient-level-kept
1657073,L01FG01,atcprod-confirmed
1658042,L04AG12,atcprod-confirmed
1658047,L04AG12,atcprod-confirmed
1996184,N02AE01,atcprod-confirmed
1996185,N02AE01,atcprod-confirmed
1996192,N02AE01,atcprod-confirmed
2046138,L01FG01|S01LA08,ingredient-level-kept
2046140,L01FG01,atcprod-confirmed
2046141,L01FG01,atcprod-confirmed
2046148,L01FG01,atcprod-confirmed
221173,A10BB03|V04CA01,ingredient-level-kept
2268037,L01FG01|S01LA08,ingredient-level-kept
2268039,L01FG01,atcprod-confirmed
2268040,L01FG01,atcprod-confirmed
2268044,L01FG01,atcprod-confirmed
2268047,L01FG01,atcprod-confirmed
2268048,L01FG01,atcprod-confirmed
2474267,N01AH01,atcprod-confirmed
2474269,N01AH01,atcprod-confirmed
253182,A10AB01|A10AC01|A10AD01|A10AE01|A10AF01,ingredient-level-kept
253337,L01FG01|S01LA08,ingredient-level-kept
2599041,L01FG01|S01LA08,ingredient-level-kept
2599043,L01FG01,atcprod-confirmed
2599045,L01FG01,atcprod-confirmed
2599049,L01FG01,atcprod-confirmed
2599051,L01FG01,atcprod-confirmed
2599052,L01FG01,atcprod-confirmed
2627648,L01FG01|S01LA08,ingredient-level-kept
2627650,L01FG01,atcprod-confirmed
2627652,L01FG01,atcprod-confirmed
2627656,L01FG01,atcprod-confirmed
2627658,L01FG01,atcprod-confirmed
2627659,L01FG01,atcprod-confirmed
2629337,N01AH01,atcprod-confirmed
2639021,N02AE01,atcprod-confirmed
2639023,N02AE01,atcprod-confirmed
2639027,N02AE01,atcprod-confirmed
2639029,N02AE01,atcprod-confirmed
2639030,N02AE01,atcprod-confirmed
2639031,N02AE01,atcprod-confirmed
2639032,N02AE01,atcprod-confirmed
2639033,N02AE01,atcprod-confirmed
2639034,N02AE01,atcprod-confirmed
2639036,N02AE01,atcprod-confirmed
2639039,N02AE01,atcprod-confirmed
2639041,N02AE01,atcprod-confirmed
2639042,N02AE01,atcprod-confirmed
2639043,N02AE01,atcprod-confirmed
2639044,N02AE01,atcprod-confirmed
2700660,L01FG01|S01LA08,ingredient-level-kept
2700735,L01FG01,atcprod-confirmed
2700737,L01FG01,atcprod-confirmed
2700742,L01FG01,atcprod-confirmed
2700744,L01FG01,atcprod-confirmed
2700745,L01FG01,atcprod-confirmed
2712044,L01FG01|S01LA08,ingredient-level-kept
2712048,L01FG01,atcprod-confirmed
2712050,L01FG01,atcprod-confirmed
2712055,L01FG01,atcprod-confirmed
2712057,L01FG01,atcprod-confirmed
2712058,L01FG01,atcprod-confirmed
314659,B01AB01|C05BA03|S01XA14,ingredient-level-kept
337521,L01FG01,atcprod-confirmed
3443,C05AE03|C08DB01,ingredient-level-kept
5224,B01AB01|C05BA03|S01XA14,ingredient-level-kept
81999,C05AE03|C08DB01,ingredient-level-kept
876301,L04AG12,atcprod-confirmed
9877,B01AB01|C05BA03|S01XA14,ingredient-level-kept
1043,G04BE07|N04BC07,ingredient-level-kept
71225,G04BE07|N04BC07,ingredient-level-kept
1114326,R03AC18,ingredient-level-kept
1114325,R03AC18,ingredient-level-kept
1347,A07EA07|D07AC15|R01AD01|R03BA01,ingredient-level-kept
1348,A07EA07|D07AC15|R01AD01|R03BA01,ingredient-level-kept
253156,A07EA07|D07AC15|R01AD01|R03BA01,ingredient-level-kept
1546384,A07EA07|D07AC15|R01AD01|R03BA01,ingredient-level-kept
19831,A07EA06|D07AC09|R01AD05|R03BA02,ingredient-level-kept
1367172,A07EA06|D07AC09|R01AD05|R03BA02,ingredient-level-kept
25120,R01AD04|R03BA03,ingredient-level-kept
1546428,R01AD04|R03BA03,ingredient-level-kept
1298840,R01AD04|R03BA03,ingredient-level-kept
1514,A07EA04|C05AA05|D07AC01|D07XC01|H02AB01|R01AD06|R03BA04|S01BA06|S01CB04|S02BA07|S03BA03,ingredient-level-kept
227897,A07EA04|C05AA05|D07AC01|D07XC01|H02AB01|R01AD06|R03BA04|S01BA06|S01CB04|S02BA07|S03BA03,ingredient-level-kept
19254,A07EA04|C05AA05|D07AC01|D07XC01|H02AB01|R01AD06|R03BA04|S01BA06|S01CB04|S02BA07|S03BA03,ingredient-level-kept
1516,A07EA04|C05AA05|D07AC01|D07XC01|H02AB01|R01AD06|R03BA04|S01BA06|S01CB04|S02BA07|S03BA03,ingredient-level-kept
1517,A07EA04|C05AA05|D07AC01|D07XC01|H02AB01|R01AD06|R03BA04|S01BA06|S01CB04|S02BA07|S03BA03,ingredient-level-kept
203220,A07EA04|C05AA05|D07AC01|D07XC01|H02AB01|R01AD06|R03BA04|S01BA06|S01CB04|S02BA07|S03BA03,ingredient-level-kept
215664,A07EA04|C05AA05|D07AC01|D07XC01|H02AB01|R01AD06|R03BA04|S01BA06|S01CB04|S02BA07|S03BA03,ingredient-level-kept
1547650,R03BA09,atcprod-confirmed
41126,D07AC17|R01AD08|R01AD12|R03BA05|R03BA09,ingredient-level-kept
705022,R01AD12|R03BA09,ingredient-level-kept
50121,D07AC17|R01AD08|R03BA05,ingredient-level-kept
2045377,R03BA09,atcprod-confirmed
1547663,R03BA09,atcprod-confirmed
1547658,R03BA09,atcprod-confirmed
1547671,R03BA09,atcprod-confirmed
1547666,R03BA09,atcprod-confirmed
10759,A01AC01|C05AA12|D07AB09|D07XB02|H02AB08|R01AD11|R03BA06|S01BA05,ingredient-level-kept
38546,A01AC01|C05AA12|D07AB09|D07XB02|H02AB08|R01AD11|R03BA06|S01BA05,ingredient-level-kept
2389302,A01AC01|C05AA12|D07AB09|D07XB02|H02AB08|R01AD11|R03BA06|S01BA05,ingredient-level-kept
10761,A01AC01|C05AA12|D07AB09|D07XB02|H02AB08|R01AD11|R03BA06|S01BA05,ingredient-level-kept
10762,A01AC01|C05AA12|D07AB09|D07XB02|H02AB08|R01AD11|R03BA06|S01BA05,ingredient-level-kept
108118,D07AC13|D07XC03|R01AD09|R03BA07,ingredient-level-kept
30145,D07AC13|D07XC03|R01AD09|R03BA07,ingredient-level-kept
153374,D07AC13|D07XC03|R01AD09|R03BA07,ingredient-level-kept
274964,R01AD13|R03BA08,ingredient-level-kept
42612,A07EB01|D11AH03|R01AC01|R03BC01|S01GX01,ingredient-level-kept
3538,A07EB01|D11AH03|R01AC01|R03BC01|S01GX01,ingredient-level-kept
31563,R01AC07|R03BC03|S01GX04,ingredient-level-kept
266663,R01AC07|R03BC03|S01GX04,ingredient-level-kept
4335,R03BX01|R03DX03,ingredient-level-kept
236281,R03BX01|R03DX03,ingredient-level-kept
435,R03AC02|R03CC02,ingredient-level-kept
3554,N07BB01|P03AA04,ingredient-level-kept
5521,P01BA02,ingredient-level-kept
5552,L01XX05,ingredient-level-kept
72965,L02BG04,ingredient-level-kept
82819,N07BB03,ingredient-level-kept
142153,R03AC02|R03CC02,ingredient-level-kept
152761,N07BB03,ingredient-level-kept
153972,P01BA02,ingredient-level-kept
315148,L01BA01,atcprod-confirmed
1092437,L04AG04,ingredient-level-kept
1797890,R01AD12,atcprod-confirmed
1869712,R01AD12,atcprod-confirmed
2587059,L03AB15,ingredient-level-kept
2587060,L03AB15,ingredient-level-kept
2678930,C02KX06,ingredient-level-kept
2678931,C02KX06,ingredient-level-kept
2715399,S01LA05,ingredient-level-kept
2725885,S01LA05,ingredient-level-kept
